_id,finishedAt,gameLobbyId,treatmentId,roundIds,playerIds,batchId,createdAt,data.round_count,data.totalDuration,data.justStarted,data.unscored,data.scored
2NBtcGKuvN5Hff8ep,2024-04-25T19:27:21Z,2NBtcGKuvN5Hff8ep,FALzYuDWpbg5NeiYx,"QppqgMHdhYCv2Qwdr,g5J9bpiwaZrXZrczr,hk_8cd4de76f9784993,k7Z2n8ELvBSB7omgu,hk_bf878b6dd77c6412",L8LLBEXDNZW7xafX3,h2dXgrCajPx3FYCWs,2024-04-25T18:38:23Z,5,120,false,"Game 1,Game 2,Game 5","Recall Association,Game 4"
qbsLZCPJE8LEAKtfL,2024-04-25T19:32:26Z,qbsLZCPJE8LEAKtfL,pB6N9LuAiAJAB4dKm,"GG4bAzeQpcRiXf5Pq,pkMuE5kNoPXEpGFqX,uZN9HcKzyrXs2GETf,qSGEjhEdZsZnc6GjF,6CkKPpWPmXsLsBzeB","7Er7PfRwRM55FSSA7,bbTLoWQcLarwFiWmG,turhjKzSJxgMtwxFx",h2dXgrCajPx3FYCWs,2024-04-25T18:40:52Z,5,120,false,"Game 1,Game 2,Game 5","Recall Association,Game 4"
2MBQEZRurhmbLsn5f,2024-04-25T19:41:52Z,2MBQEZRurhmbLsn5f,bTwT8vTEXL8dyLLdf,"gfArC95dR88qhGZ2H,tDqwteh7aNXK4EQT3,67npYTq4e3nqt8yBF,cAbfEDgc22Xnx3Bgt,Xj9bQPAfpw75sCWN9","3aPnGNZCyrLDepZm3,3yYWrr3C5rsgMR59S,Kwq3vczHatBDvouqY,brK8W4hACWFCpBp4m,fNwndTGyZYK97FWkf,h77peHcqhQpcDaKSo",h2dXgrCajPx3FYCWs,2024-04-25T18:42:31Z,5,120,false,"Game 1,Game 2,Game 5","Recall Association,Game 4"
4NNivRFCpqScA3pGp,2024-04-25T19:36:53Z,4NNivRFCpqScA3pGp,pB6N9LuAiAJAB4dKm,"qAKMYGJ5Ci77GsxKE,eyH9jDf5KsGphwLjW,vnX37iDxtXtfMdDWP,T4zcnAnLgcbaYgxu3,HrJ6DNa8KEi4RFPQp","RmnPuu66dZEwv26oS,TgXQEY6snDg5mJqhg,bMkDEhn2LSNMbMzJW",fRZWs7rFZdJFPt2sv,2024-04-25T18:44:50Z,5,120,false,"Game 1,Game 2,Game 5","Recall Association,Game 4,Game 4"
2dWrbaed8XqyvB6i7,2024-04-25T19:18:05Z,2dWrbaed8XqyvB6i7,FALzYuDWpbg5NeiYx,"dsom7isdKG3uvbG9C,hvwMZHFMJSKQSGk3R,ecthHAQMft8N6Lf3v,5FDdmN3myf7RfTTKj,Tq4nhm3h6Bjcbi6gH",3rnDziGokNwxBXdES,fRZWs7rFZdJFPt2sv,2024-04-25T18:45:12Z,5,120,false,"Game 1,Game 2,Game 5","Recall Association,Game 4"
7TxuM2zajt4mhEXRY,2024-04-25T19:30:13Z,7TxuM2zajt4mhEXRY,FALzYuDWpbg5NeiYx,"5WW8C2jqJhXBBB7dP,tfd2jP7kxSTdnG2od,7XC4xyczkaCjcdHuZ,PX6Gr6LaS9zujFyDB,8xd8jRguAgPWPs8zN",DNWMABcP6SeXeaa6S,naj9JzcFEGRMKq7g4,2024-04-25T18:46:00Z,5,120,false,"Game 1,Game 2,Game 5","Recall Association,Game 4"
sKnRr9dR4SEQP4c9F,2024-04-25T19:43:57Z,sKnRr9dR4SEQP4c9F,bTwT8vTEXL8dyLLdf,"egeWCxFzKfT9Hf2o5,6egGq95oQyX5P2Mdi,RthKxrXsHmQc5G3xR,MHKturQNJNWaLHeYw,MmWcmFkz2dvE8FHDm","22p3CdYXxMedNrLtw,Mb3pyHom3NemRjARR,X47NvuzB3DRrXabrk,kHZmjCCHG6NNnW3ui,kJpWksEdYbtNSmW4B,q3THB89a5eyhu9599",fRZWs7rFZdJFPt2sv,2024-04-25T18:48:21Z,5,120,false,"Game 1,Game 2,Game 5","Recall Association,Game 4"
xqvghKquCCZKonhaf,2024-04-25T19:45:43Z,xqvghKquCCZKonhaf,pB6N9LuAiAJAB4dKm,"LChHomi5cQxiRj6iT,eijwApf2rSmLH7kNJ,FBnDMxGCxQSuXjzKB,Q9jjet33EYygad6yG,BajbtrrRBinQenSmQ","56LytjmnuaGktczcE,Wmh4wZoGricg27kcM,sSnWvewwtyaLaXB45",naj9JzcFEGRMKq7g4,2024-04-25T18:52:26Z,5,120,false,"Game 1,Game 2,Game 5","Recall Association,Game 4"
czTndjzxbvstNiP3S,2024-04-25T20:00:05Z,czTndjzxbvstNiP3S,HmHFGRK3wX6LENS8j,"WckephCY2Qymx4so8,MNLfvJuHNAxtKvpQE,o59qZtqTsWgfxmbd6,JDiBcdc4g2FF6k5o9,sqCqMsdDPaiCrtxdJ",bWgCjiPKL9X8yktGK,4rfztmzHbXQRAwPPB,2024-04-25T19:57:45Z,5,120,false,Game 1,
FXGMJLKLjyTfM34rH,2024-04-25T20:55:26Z,FXGMJLKLjyTfM34rH,ecgFguPzbTHokcjBn,"2wWspWSekgM9azkKq,FvPfLcTLrXnKTik5J,sR8Ty4QG7WKAqtquQ,jFMfYNwfZAaFXHcyx,MzZ9hhsykgs9YBqbK","5HwH3cEwFoXjoKnk9,CY8up5GsnjLJWj3DT,j9Kbw3rcskahwua4t",4rfztmzHbXQRAwPPB,2024-04-25T19:58:55Z,5,120,false,"Game 1,Game 2,Game 3","Recall Association,Game 5"
ba5XzG5RFr2FXAuWw,2024-04-25T20:33:48Z,ba5XzG5RFr2FXAuWw,HmHFGRK3wX6LENS8j,"4uzhFJwFawLA8uxpG,vEmTtSQ3xThftbp8k,M5Y6fXzwCP6He5p99,qw2AbRNv28zdX7fTc,kp5m69G7f4PfigJqv",wfbLSaL4xmvYr8Kuc,hk_54e9a64573531e43,2024-04-25T20:02:25Z,5,120,false,"Game 1,Game 2,Game 3","Recall Association,Game 5"
DJ2iaeTJiLphqiM6Y,2024-04-26T13:56:45Z,DJ2iaeTJiLphqiM6Y,KD7Wf49ikKYvGSu2b,"JK3tuwmvwJGMjWSq2,PWHSdGEy5KjEtNBeF,WYQAHPogb74uZejWk,kT63CDRLujurYpDAz,XgbG4wP2dYwpn2HEu",WHaMroqEG3tNAvBmp,z3QqewSMqWmQYWR78,2024-04-26T13:09:17Z,5,120,false,"Game 1,Game 2,Game 5","Recall Association,Game 4"
yG97gwShLvYjrQe4f,2024-04-26T14:09:37Z,yG97gwShLvYjrQe4f,fv3Nq3rxRnqMdeopq,"G6bgyLHh6eRfHv7nQ,Xktbg9w6JkQNx3K8t,neszJpAPijLrxamSN,9ryPdCy44ZNG6tZvN,EQWH6GxG764YjXgJi","3tRH352nvKwHth5EQ,LZm773AnmMy6dSHsb,yk6YAMcmMaFejhau9",z3QqewSMqWmQYWR78,2024-04-26T13:10:13Z,5,120,false,"Game 1,Game 2,Game 5","Recall Association,Game 4"
SxGibfRoXMcfRpgXF,2024-04-26T14:12:20Z,SxGibfRoXMcfRpgXF,wgWHJHn5MwuPRyWnd,"e6TqrmsJmQz6hEjcF,8mFW2qhBL2PaZyC3X,gcfZ57PPs2bgKds8N,wrxKQ7H2ZkQPm5XBe,MjyfoxeJXSePYAtqK","L7KySS8NuukmBzzs4,MPrzt7kkkTjMeSCwh,eFHtrejqfxvoYCpDA,hgymumQKZLi9LwHJA,kEi3TTySTnkbrTJTt,nMQ3X8efQ78oZxBJa",z3QqewSMqWmQYWR78,2024-04-26T13:12:28Z,5,120,false,"Game 1,Game 2,Game 5","Recall Association,Game 4"
9Y9NdvTyN7wZW9wQ2,2024-04-26T14:10:33Z,9Y9NdvTyN7wZW9wQ2,fv3Nq3rxRnqMdeopq,"qWrisw5fECzXeyJNd,jR9gpPb9JoZgXxqtd,YKojKAJFcXbZTj5ad,mPvCAtcwAJfCmhpXs,rFWkTsFMshmakkazC","a8X3G295QDTCFxGJa,nBkXhWcAi5zEX5Jov,sjKGKCeWo4CmDxCtv",eGAsoLPH9fP9ymb3i,2024-04-26T13:17:04Z,5,120,false,"Game 1,Game 2,Game 5","Recall Association,Game 4"
XgFuRWFiLFK5yw5kp,2024-04-26T14:17:12Z,XgFuRWFiLFK5yw5kp,wgWHJHn5MwuPRyWnd,"285vxQFiQ3xyJpBp4,g6cDaq5i8RwapR8Pk,XNPDxsyP3CJMH48Yr,adHJTc6e3ZgoFSD5S,D3oECTM76mWRoJTFK","7gLN8LSGSfJjxEyER,W5ZJZNFg7uWTTFdQD,YB2suomS5qE3sQhRC,dmRzjwZ58BygnHrSF,pKpHTsqwgTnZHyK9q,qJRS22eMrXv2Z9LKN",eGAsoLPH9fP9ymb3i,2024-04-26T13:17:49Z,5,120,false,"Game 1,Game 2,Game 5","Recall Association,Game 4"
Dkottt8cS3JRainQE,2024-04-26T14:06:40Z,Dkottt8cS3JRainQE,KD7Wf49ikKYvGSu2b,"8XaPEBPyDbSFaTf2v,Nk7AW84xyHQ8hgE2b,Nh7RYNtSySxz2DZqR,uD6yDndYNmQxkKhTk,NxnekBDuX4mgvPC3E",roE5xcxaDsbqMmDuJ,eGAsoLPH9fP9ymb3i,2024-04-26T13:18:34Z,5,120,false,"Game 1,Game 2,Game 5","Recall Association,Game 4"
pRY3qpZL3Mfn226wg,2024-04-26T13:37:27Z,pRY3qpZL3Mfn226wg,KD7Wf49ikKYvGSu2b,"H46fSzi7Lw8cgXQWa,Fd9Xz2PhxdiA6ayEF,ZHFwFJz3AKcYC93zw,fZ68WXYxxNALvYAmY,7bN4Aato8RHXZ5rTf",6PZH4iM32nBXpJPSZ,GPhfyLXpE6Hd35K8C,2024-04-26T13:19:19Z,5,120,false,"Game 1,Game 2,Game 5","Recall Association,Game 4"
pENajYLsQ4aaMJyRv,2024-04-26T14:18:36Z,pENajYLsQ4aaMJyRv,fv3Nq3rxRnqMdeopq,"BxmLZzGWLSWHzrAqJ,LbLi2JfGdPYBEMNXH,RzqtycePcukxXvmnY,pHYztPjbzujq8Lfwj,Tc8D2MuKdaCD5RdWj","MEaj7m6qZCh2o7F2Z,htHw2aWM4Maeerf3i,rGtWbcD7Dybm4TzxT",GPhfyLXpE6Hd35K8C,2024-04-26T13:21:52Z,5,120,false,"Game 1,Game 2,Game 5","Recall Association,Game 4"
87PMuZK6xi8rs8BTr,2024-04-26T14:22:38Z,87PMuZK6xi8rs8BTr,wgWHJHn5MwuPRyWnd,"XnMJfDkj4Lk4jhnP4,uZEscyXuayWc8rLQu,7GHZdZ2yqqdvpKiuY,SGhP9s6jpDQQdXJFh,kaHnjWQEy6KcoDfeW","3QpQz63ZjWhqndAxp,6xReAvyrS8WYPxFpu,CQTtkvLX6uE83t8oK,WjqbGrSnv3WRtCn4r,XWfwn3kBs7TNrzrnd,cs8n4Mrx5KiME3PBP",GPhfyLXpE6Hd35K8C,2024-04-26T13:22:45Z,5,120,false,"Game 1,Game 2,Game 5","Recall Association,Game 4"
m7oshCFaERWhZqvst,,m7oshCFaERWhZqvst,fv3Nq3rxRnqMdeopq,"gn97WFEzoeRgQepcp,kzDpxkTfG4DTT2f69,KTufCRjso6Xh9FAcc,xusapDeQmkzbqhtFm,ifEzbS46Cc7ciDLS5","6NQhZRGZaQsWWn7Lj,uugeKWrY8oNfJ4eSi,uzR6gu6WxfC33KDP6",fRMLSqFRm5ZAwursk,2024-04-26T13:38:37Z,5,120,true,Game 1,
QXbYn5eDpj5SHt72n,2024-04-26T15:33:28Z,QXbYn5eDpj5SHt72n,LBzxZ5bewcvN2cpwD,"NMDNZvYBY8ps4nGnq,CPXkwLtZNFuEqZZC5,hwjiz2fWf49AMGQYg,Zefu5e5JqbGteeuv6,ZbM8rxvcrw8Qdba29","6r7hZCf2txj9Jun8E,ZqSDyDXG738iMD49i,nw3tjboisHS9xdgjB",yLRjWuFkNWEq3DbP4,2024-04-26T14:37:19Z,5,120,false,"Game 1,Game 3,Game 5","Game 2,Recall Association"
4cngqMgLyByZNxCXy,2024-04-26T15:37:37Z,4cngqMgLyByZNxCXy,HHZXj63Xh9uHmPRES,"p3Ea7LqN3uwEECLim,gXSn2uxq3AoDMewXR,z3yo9bPSFkjrZvKQs,GtthPxPZmDhuprw4v,x6ymTCM8Mbrpg7a9o","3wQpS45QqLb8HKvrw,6tr4jE9zDFxqCNhvB,JccXFQroPyk9XEPXZ,NHJtz24rbL5e4jnx4,NnXSLdTsfXtoJZZBp,Y3v75qpogBkLjTpug",yLRjWuFkNWEq3DbP4,2024-04-26T14:39:40Z,5,120,false,"Game 1,Game 3,Game 5","Game 2,Recall Association"
rAiyJn5RMZHMQzBsn,2024-04-26T15:31:57Z,rAiyJn5RMZHMQzBsn,zkoQ4xrhDTEyYW9J8,"7jJpaZvmai3LFDDf6,bD5LssECKLXnamrmF,ioKv2CfbNhmyttdep,ZwQWt6DkSDPtchsKF,SkEEHExCspXTDFLzJ",qk3LwGBAtWKTA4N5W,yLRjWuFkNWEq3DbP4,2024-04-26T14:41:39Z,5,120,false,"Game 1,Game 3,Game 5","Game 2,Recall Association"
Qf9KoPomsmMWLfeFQ,2024-04-26T15:16:31Z,Qf9KoPomsmMWLfeFQ,zkoQ4xrhDTEyYW9J8,"sCemW3bWZ28E2JtD4,ixiwkaaxauwiZGMjA,GAd3s8uTRjLFz56cQ,sGoKWDSvTcLc2WNjZ,hk_ebd1cd3584a873e6",pX7WtmyzrKKwrzyTm,cGYYZTm6NeAtsnXqG,2024-04-26T14:42:22Z,5,120,false,"Game 1,Game 3,Game 5","Game 2,Recall Association"
yEcvrzXuo37cJSFst,2024-04-26T15:26:32Z,yEcvrzXuo37cJSFst,zkoQ4xrhDTEyYW9J8,"m8TnaDpY6XZuBdcbH,btzuNRSX5nLmFr2K9,BW5GDDyBuRpSkjDAX,8FCiTjihWyiyACn3n,Hwjwor64D7aduKtnX",hk_e98f18138b063b67,yr4NBh6EG9aPHFepe,2024-04-26T14:42:24Z,5,120,false,"Game 1,Game 3,Game 5","Game 2,Recall Association"
dCWNTiHNCmbJ7NoQB,2024-04-26T15:15:53Z,dCWNTiHNCmbJ7NoQB,zkoQ4xrhDTEyYW9J8,"ZkNiepLuWCeRgWRSM,3sqngocNXoqp2iaJo,BxuQFLJAp9gAZvFSK,CC9tx7FLaxtHM7kS2,vy7SZuj4C73ygPWjR",qQ5ZhcJmcGL9nS7AR,zPapTv7nCn8uB9Ecj,2024-04-26T14:42:33Z,5,120,false,"Game 1,Game 3,Game 5","Game 2,Recall Association"
ZTQ68Dnmkbh2PjvsF,2024-04-26T15:41:09Z,ZTQ68Dnmkbh2PjvsF,HHZXj63Xh9uHmPRES,"oYxKNP3Xj9z7djduy,MDApxJBxxFTwHM3j2,B54QXSecaR6AWEbWe,TWh4K2KJneNiMJAua,hk_44f0cdbc1e310ae6","GXciiBYL4ntE5vkTH,LCPfrN94LaApMjewT,LwPug9TNbiCoRheSG,qWrwKg8edpxfn4TMF,utfhFZw57BKkQ6G2G,zWGJddoKMANtqqmpR",cGYYZTm6NeAtsnXqG,2024-04-26T14:44:11Z,5,120,false,"Game 1,Game 3,Game 5","Game 2,Recall Association"
SCwwxS4CyaJj5uJQX,2024-04-26T15:34:49Z,SCwwxS4CyaJj5uJQX,LBzxZ5bewcvN2cpwD,"7fMEL3cugEZFkT9Da,EPkXK6fm2pnQe7mWZ,Es4w5v8K9K6honEkD,FhF72XiXy4PrNp6tW,4KNmr6AcanwjDzMGf","Hjz3hTHaXo3NkmcHC,Xwcuc9FMavNRPtBo2,hZxvCdohAvoYm6KGK",cGYYZTm6NeAtsnXqG,2024-04-26T14:45:43Z,5,120,false,"Game 1,Game 3,Game 5","Game 2,Recall Association"
bJJqZadr6ku8CQWjr,2024-04-26T15:45:28Z,bJJqZadr6ku8CQWjr,LBzxZ5bewcvN2cpwD,"Ee8w3bB4fJdgqTWCy,yLoMmWwCDui6kMB2T,pEpv2pTicruTAzvEx,d74KNpeMoJXyrc2Z6,mMoofDggMwffcoGt4","CTFQaG6Gi4aSJWabw,F3XBZFgmFbzaLGQAw,kF39B6nYkkNDtpkqe",yr4NBh6EG9aPHFepe,2024-04-26T14:45:58Z,5,120,false,"Game 1,Game 3,Game 5","Game 2,Recall Association"
ojYFEyD7rBPDq3mqG,2024-04-26T15:29:47Z,ojYFEyD7rBPDq3mqG,LBzxZ5bewcvN2cpwD,"aPthA6g4vnoQ6Mice,a6fkcw3SJQi2Ptwxo,DeorBL3ee6gwFm5AH,QSnTsiNv99BcunDog,EA3niLtutuBaq6ov7","H89Wf6EXeACHGcrGw,qJa6DYcKY43oBb2HA,tQBdoYM2j2occWYYx",zPapTv7nCn8uB9Ecj,2024-04-26T14:46:26Z,5,120,false,"Game 1,Game 3,Game 5","Game 2,Recall Association"
YoXqTcxKioXDy6sKi,2024-04-26T17:05:08Z,YoXqTcxKioXDy6sKi,bTwT8vTEXL8dyLLdf,"m74NFFTY4ncsSwfZm,hSdnapw9XqdyJycnM,eodWadoNcsQpzHZKh,ujuszFhbzAZeYC2rw,5kLB82FK8syaF3AfZ","Gs4uNWD3eyYBQBcmJ,MBfxLJdLQNoRT9q7Y,SQdtNYxzxqQAoaxcx,agDibaKbW6qHHHep7,eLg9eXyCMYkcKD8fj,jKmhc2SASeh2xTvyt",C5qtXgNReNZiWmdkz,2024-04-26T16:06:51Z,5,120,false,"Game 1,Game 2,Game 5","Recall Association,Game 4"
JzeicCK3puZLrygnx,2024-04-26T16:33:47Z,JzeicCK3puZLrygnx,FALzYuDWpbg5NeiYx,"qPxkKRZy3Y64QbfNm,xB2RXwAYqPYYqaeMm,9vQMpL6nhgHA2pT77,sM6eqHrEaTxj8Qu5X,nMkfZGwoAmWGPzwWg",3LgAh7DBng2ckgWFh,C5qtXgNReNZiWmdkz,2024-04-26T16:08:41Z,5,120,false,"Game 1,Game 2,Game 5","Recall Association,Game 4"
3QDAeYja9u2yu2wtJ,2024-04-26T17:03:49Z,3QDAeYja9u2yu2wtJ,pB6N9LuAiAJAB4dKm,"dF8Yqmta9nnsHSGfS,QyYi5N67JFDoJBcQX,WJFxdPmSTNLGjT9G2,hk_a41b5673009689f4,7hBwGgdYfsR4bt9rs","hk_10a59f5dfd393064,ig5S9XaReJ6xy8fWu,rzj2irSfcgQGdjQYk",C5qtXgNReNZiWmdkz,2024-04-26T16:09:35Z,5,120,false,"Game 1,Game 2,Game 5","Recall Association,Game 4"
7nw5eZeQEZh6w2y3w,2024-04-26T17:10:33Z,7nw5eZeQEZh6w2y3w,FALzYuDWpbg5NeiYx,"6ZRDzsYxLBj98EJQX,CfczXo8SkFPm4Qgem,DB5XKmcvKsCswcduz,CcBr33QPspKykx2eX,fekNdQtjt7wAnkS49",QEhtXxa7qPYCFchfb,jkmEQ5WynaHTaWdFG,2024-04-26T16:13:04Z,5,120,false,"Game 1,Game 2,Game 5","Recall Association,Game 4"
6uSkQ9j7aDyQuYYiR,2024-04-26T17:13:49Z,6uSkQ9j7aDyQuYYiR,bTwT8vTEXL8dyLLdf,"9MqRsByjRczAedAMp,hu6nF9dthGozpNhcq,SeotpCcwRqZMGabid,FDnYh3RP3dQwwxtGF,J2ZWeigEhbDJgH5LT","6iddHLwaZB8JL4jWj,79japxKr7buDb3gFn,FEksSSdrGZ9ujXsKy,ZRQAtGPJxPj622TXA,gy6A6QKg2KLXfDn8T,u3cJ7cywmhKk7bzrW",jkmEQ5WynaHTaWdFG,2024-04-26T16:14:42Z,5,120,false,"Game 1,Game 2,Game 5","Recall Association,Game 4"
5nYr64YMFhM8EJuLK,2024-04-26T17:11:12Z,5nYr64YMFhM8EJuLK,pB6N9LuAiAJAB4dKm,"6AdAtCxgTHD85agj4,HKfMoqSjhEJop29et,HinaiSop43YudLi9K,xTe7qB4R2A4SQm3Y8,4JW4tLi753jr8HSt5","6npqBAPS6kkhuj3Qy,FdEW8Kyz3E3C4f6ca,RrDCRS3bAPFLNTgAR",jkmEQ5WynaHTaWdFG,2024-04-26T16:14:53Z,5,120,false,"Game 1,Game 2,Game 5","Recall Association,Game 4"
H8dQxtQgTpw427RjT,2024-04-26T16:38:47Z,H8dQxtQgTpw427RjT,FALzYuDWpbg5NeiYx,"eEYSsxRihZM4EpmpY,w3zDK6QAQqModdYGN,SaHj9eun3jiNmkoE2,RWjeGiYNvjqiWwgco,Y8MNEW36kFBShnpJs",aYAyqNgFHruZvCruz,BeWZABfvDccjmnXMG,2024-04-26T16:21:04Z,5,120,false,"Game 1,Game 2,Game 5","Recall Association,Game 4"
i9g4YLxM3zuxGuQkM,2024-04-26T17:22:37Z,i9g4YLxM3zuxGuQkM,pB6N9LuAiAJAB4dKm,"LZpZ3Ezk78YAB8KcN,diqu4ZcaWFu47GMRT,Z95DG9dGNrMsEqYen,GzmjRmTXPA4HSkgt4,HvdEuJqbz7sw2oP2f","hk_62b26daa1f5762d7,quYQ9QuwzW4j5oMBf,zbNxtw4c4yjki99AY",BeWZABfvDccjmnXMG,2024-04-26T16:24:07Z,5,120,false,"Game 1,Game 2,Game 5","Recall Association,Game 4"
iRERt6TSvvMJzX8Az,2024-04-26T18:07:42Z,iRERt6TSvvMJzX8Az,HmHFGRK3wX6LENS8j,"DnyNDLCmFPrbgHqFM,Z9L9qPwY5gZx2pf6Q,5bzRvbQeTYXqmeCiA,NRGNKNHosMaNNDkK2,B3aJpAmwnRqF3Bugc",6mSYD4n45MQBzmCzM,TsgRegrp6JvothYXw,2024-04-26T17:27:57Z,5,120,false,"Game 1,Game 2,Game 3","Recall Association,Game 5"
sbHP54tSMnvwJ2Jtf,2024-04-26T18:18:17Z,sbHP54tSMnvwJ2Jtf,ecgFguPzbTHokcjBn,"S9X7HDaTmq7W3kJ23,vWMik4P3ZcfX8bHvE,fXMHqYCo3Gee3znXP,kAMBgQkJaMY58Nhhu,vp2W2aXzANWyiXtH9","4xnr5R3oiMZYWiqE8,6KWZydvb5cXmbuRFF,aNK2n8f6yRexWaXhy",TsgRegrp6JvothYXw,2024-04-26T17:28:24Z,5,120,false,"Game 1,Game 2,Game 3","Recall Association,Game 5"
BgyxxmF7WtxZSbDtX,2024-04-26T18:27:12Z,BgyxxmF7WtxZSbDtX,NPJ92ojHqBwWuQWS7,"eQkMxbsrpsgPM6cxg,7RAypGuWphmrp5WgC,irNqs84BeYfuoQzcW,JtyCErsaQxieNZdp6,SoFv2ctFgbQaxfvh5","6KSNSLevGQPd9DkGt,E3yM74o4bAkB6TCmR,Yve9RbHeH2NbcQDDa,bb6zd4JDEMR8ut2KJ,kXhd8QMMChxdo7mYw,s82dJ6TLjWrxqDehT",TsgRegrp6JvothYXw,2024-04-26T17:31:38Z,5,120,false,"Game 1,Game 2,Game 3","Recall Association,Game 5,Game 5"
jPoeZe9jw3FBFxbkj,2024-04-26T18:33:51Z,jPoeZe9jw3FBFxbkj,NPJ92ojHqBwWuQWS7,"PxmwnYJwSZGhvBbaq,C8Z6y5tL7Rg8G4yNR,XbfvirncpLxKWL5CW,9Gns5noPMZooQPwX5,hk_d2b677c97497a157","HdP4WdCEQFd2Roece,NGknknFHFr4G9h833,bRmmryxT2g4xRPTyP,eygQiwfEdvpvr3wxy,iSk9uP9rh8QB93jp6,xDh5cFij8CZLjxE23",zEtXeDCGrvK9DSywn,2024-04-26T17:33:57Z,5,120,false,"Game 1,Game 2,Game 3","Recall Association,Game 5"
CGR5XCF8sPwc9AmfF,2024-04-26T18:25:51Z,CGR5XCF8sPwc9AmfF,ecgFguPzbTHokcjBn,"xrDa3Ncf3tyNC9W8P,cxen2ua5dNg4MuHML,d93TkCQgxevZyTK5A,8iR3F9sFL7PWSxNWJ,YKbrCc7L6Lf4Ahj8a","QpcdSAtG2QaKyZTJW,ZZNGX2HunCj3Ks7xY,aHw55xaujeaN2Kc8B",zEtXeDCGrvK9DSywn,2024-04-26T17:34:05Z,5,120,false,"Game 1,Game 2,Game 3","Recall Association,Game 5,Game 5"
JB3ExMvJDFgNprtAt,2024-04-26T18:00:34Z,JB3ExMvJDFgNprtAt,HmHFGRK3wX6LENS8j,"NuhmPpJYJDz8NjQj6,SQBZmPiZFMHe4N2HL,529Gjzep7Rn586WQZ,dFTbMBy6Ae5Xb4x2b,zwGyssgHzNj5i7FLe",XR3JkGoX5hQE3jrdQ,zEtXeDCGrvK9DSywn,2024-04-26T17:34:08Z,5,120,false,"Game 1,Game 2,Game 3","Recall Association,Game 5"
ykmGbDdsXHA3DRWam,2024-04-26T18:04:21Z,ykmGbDdsXHA3DRWam,HmHFGRK3wX6LENS8j,"hwhzF8X5RdBTrhcPy,Bqjgp24aM5CPFbJ2c,EpkmrkfG7qhSDJunr,dih6hoagnvgFy6g8b,HtLhfoKPNPdjBKznH",Ys82muw3a4svBWNAS,vPbzp8M4A5WwKF94G,2024-04-26T17:35:37Z,5,120,false,"Game 1,Game 2,Game 3","Recall Association,Game 5"
j9d9ZeFoWtmbJFoWQ,2024-04-26T18:13:24Z,j9d9ZeFoWtmbJFoWQ,HmHFGRK3wX6LENS8j,"mTfz2FTKdpwumQCzc,WCEaEMLpjgz7rCyiB,PMjR9yYxY6WQXNYnv,6NhMZrDRx7Khw7Ync,DxtEPkAAs3TBME72k",BFXET7XSsiANBuJXi,hk_6380d476edabdec9,2024-04-26T17:35:49Z,5,120,false,"Game 1,Game 2,Game 3","Recall Association,Game 5"
Gac4qCcS67Huc7BMF,2024-04-26T18:28:27Z,Gac4qCcS67Huc7BMF,ecgFguPzbTHokcjBn,"xr9CptW5DtoE4qiYn,2rGCs9mujS4oexQMM,aHfJQLX3q4kigEicr,JTkhujA7dr7k8zMYD,EcBcvhPWvn6JoT8Xj","hk_ce0b1e03844bf206,o4MEz5izDy6ktLL8g,tvfDM2EFYzijXJbuE",vPbzp8M4A5WwKF94G,2024-04-26T17:36:12Z,5,120,false,"Game 1,Game 2,Game 3","Recall Association,Game 5"
M9qsEkhfhPezmhiEr,2024-04-26T18:34:12Z,M9qsEkhfhPezmhiEr,NPJ92ojHqBwWuQWS7,"PWeMe8hs846vgZTPQ,BDchWZR4ngqLSA49B,igfgJ3gkiSdBgqMzJ,hJiwbnRhQDF2yHuv7,7c34hiQvPyJitpwSF","N6PhXWEcvxgP39NFD,R9cqeAdC9WngzGNyg,YJ9HJDcCLjGG84wX6,eYgDoqWpdqtNJ3dZL,n5R5E5KoAJfXHRk4G,rqSXWXuM9rom4BHDR",vPbzp8M4A5WwKF94G,2024-04-26T17:37:22Z,5,120,false,"Game 1,Game 2,Game 3","Recall Association,Game 5"
6C3bEt8Zg2KYGsxnj,2024-04-26T18:20:42Z,6C3bEt8Zg2KYGsxnj,ecgFguPzbTHokcjBn,"n3d3kLehAwKiHdieS,qNtbAvC2D8fiDp53N,EGjonqqLxTAKdRk4d,pKrFaTX2ictJoRfDg,T4aHp2b2w4dwvtumB","QbGQsPYwhJJF63gbt,jrTG336pryi6P7N7e,nW5NBzdr5GDie6NKZ",hk_6380d476edabdec9,2024-04-26T17:38:08Z,5,120,false,"Game 1,Game 2,Game 3","Recall Association,Game 5"
qMcbiDbkEzCCbPHAw,2024-04-26T19:02:28Z,qMcbiDbkEzCCbPHAw,KD7Wf49ikKYvGSu2b,"tTKtRQtzqeBgstb6v,hyEjiepe2dM7giPKn,kZuisgsZcxoCovDLW,MtXFaw4WEPZfnG3Yh,NgoK2LHnT25wg3tw3",eWrpe2BTL2SGXLrye,tgQTLRg294fCoesEi,2024-04-26T18:41:18Z,5,120,false,"Game 1,Game 2,Game 5","Recall Association,Game 4"
yiWDDzqGKt7nKvTkZ,2024-04-26T19:41:27Z,yiWDDzqGKt7nKvTkZ,fv3Nq3rxRnqMdeopq,"a5KqkSqeQtjsJ5ZQj,dMANLTgnrGuWf35PP,Co8xgDB2JiEQa8wE7,YgXwqqTZ5FTSkk36W,nSKeTkuxhbr6J9FvD","4fjn4Cgn4eBM8eLdp,WRujTfNARM3W7mv5r,aziz2sj3iG8DXq7Ps",tgQTLRg294fCoesEi,2024-04-26T18:42:47Z,5,120,false,"Game 1,Game 2,Game 5","Recall Association,Game 4"
Dw3NhgBJ4wwYALviX,2024-04-26T19:42:11Z,Dw3NhgBJ4wwYALviX,wgWHJHn5MwuPRyWnd,"bAdAFTvJAscZ4NQz7,ySDCScAK8yRuCepvc,S4EKRcssqddoto6gb,DotDi2aA4cHma22c5,Jt6y5NyJFdEvcSPCT","6AhmqtHqr3N9ASz4x,9joYHoDXjdsP24cGf,CEuQknpPFXMM5NyYq,KEBceBQFf5m4ZM4Sn,nJqTedZg54FCSSiZq,ySixigRhqqAWPhrLb",tgQTLRg294fCoesEi,2024-04-26T18:43:39Z,5,120,false,"Game 1,Game 2,Game 5","Recall Association,Game 4"
oKtxZ52e6j5zGgYnA,2024-04-26T18:50:42Z,oKtxZ52e6j5zGgYnA,KD7Wf49ikKYvGSu2b,"QEykdTLCfPJxPHJ9i,6XFwguZJw6hjhhZpC,H2Quy9iPsLujTHnDW,bd9f4ZTTu68YXc4bk,7S8CEipjQD6F7L56W",GuZRoQ34MDcoK94Ht,qPBPmFwE4kDmEdDJY,2024-04-26T18:46:15Z,5,120,false,Game 1,
yANnCiDFoHErMTnqu,2024-04-26T19:44:06Z,yANnCiDFoHErMTnqu,wgWHJHn5MwuPRyWnd,"ZDxq4GmyGCNrAKaXN,2uAGcZr2rrrZr3XKH,8AZcm4s5vP5jW6sQt,tzaM3xoddHt5TeMak,qiRtkyi9m24648h5e","HXqYKJnRnAoGDeeFf,TPBW6cw8MkboRY9A9,W5wuvi8WsFXfkmRG3,cDuyF7WcCacqqurxQ,m9xMu4AQPXfzomczR,qB8cicmYRjSqahBqQ",qPBPmFwE4kDmEdDJY,2024-04-26T18:46:51Z,5,120,false,"Game 1,Game 2,Game 5","Recall Association,Game 4"
6iuw8p53fAYKk3ZQL,2024-04-26T19:43:52Z,6iuw8p53fAYKk3ZQL,fv3Nq3rxRnqMdeopq,"6kjgumWRFhoNjgiqd,oC3ZZqHbg7R5JvYDi,ffrmB9mNWpgp48fjT,S4GqsmN2EKFfbGpuh,JuJxJHKyp3JMhkuGY","BSqAXRHFGhJQFejjz,Z5dyXfndWLrijo2SX,t9CdqLwofzN7BAW2Y",qPBPmFwE4kDmEdDJY,2024-04-26T18:46:55Z,5,120,false,"Game 1,Game 2,Game 5","Recall Association,Game 4"
Pw2hk2votRsKwDd9k,2024-04-26T19:44:26Z,Pw2hk2votRsKwDd9k,fv3Nq3rxRnqMdeopq,"JbQ7qvAXTnwn6nF5m,5Gb962aMTqQFtSDHR,KqkBJ8WGDE6vabdwG,aDt7LbkoPaaPESozE,Jun559R66bRq2FpF9","a6podpFrGJM89Kyny,vDFsToDWoNrQ4JMEw,wRZmBcqF8NgGaKBLK",sT5SNdgvmYWmDjHTz,2024-04-26T18:47:27Z,5,120,false,"Game 1,Game 2,Game 5","Recall Association,Game 4"
XbRc5TSpXENfLpysi,2024-04-26T19:37:46Z,XbRc5TSpXENfLpysi,KD7Wf49ikKYvGSu2b,"rAipbKC6yWfKmB9cp,MahMCZ2kLRMAoAAwd,yszutF6mx7WHtxoa9,DmFkcWYdenqbM9ZEE,nhx5BG57sDfYPRxAA",TqiDty6zPPoQLonBh,sT5SNdgvmYWmDjHTz,2024-04-26T18:50:35Z,5,120,false,"Game 1,Game 2,Game 5","Recall Association,Game 4"
vpn7G8tFdpipC3WSA,2024-04-26T19:45:02Z,vpn7G8tFdpipC3WSA,wgWHJHn5MwuPRyWnd,"B3diETeNiqxzo5fQW,N5SH9sraW3quBdqMt,KLjA9PEbYDfokCpCk,QPPWpxX62Nn9Kb6Ef,mpthYnXXSMA6inwfq","7xWkTrqmFEPHazdex,GYcoj8ps9xzckeBdX,HMa6RGyYHAvwaY89y,Q9bvDiejiaEtvQo2r,RGpFqrgucxMLzD4RW,bpc7ofSa5NWHcq7r7",sT5SNdgvmYWmDjHTz,2024-04-26T18:52:38Z,5,120,false,"Game 1,Game 2,Game 5","Recall Association,Game 4"
T9wyziT3iMMkzGBdH,2024-04-26T19:52:24Z,T9wyziT3iMMkzGBdH,fv3Nq3rxRnqMdeopq,"ZN37BPqGorEbuSgxw,hk_8ab1d9fb8be1e646,CioFdvPmhGNdW9QGi,aodxfQTojbxdPFAuF,dQZFkcBtM9MS3cYQQ","4AmzwqHqfkwZT5x5h,FQgzrcmLEYGjAuXZo,WstRWTg5GG5uLc3pa",cNsNwqbMpo9ajwebH,2024-04-26T18:54:21Z,5,120,false,"Game 1,Game 2,Game 5","Recall Association,Game 4"
Y37sf7upPhr5aeKiZ,2024-04-26T19:16:11Z,Y37sf7upPhr5aeKiZ,KD7Wf49ikKYvGSu2b,"gyokusgBJrCDL2SF8,xfyreQ4QY22nTQZme,nT2LqHcnAKhdDDBvb,HhkeWGMkXCEfkLPmK,q5DGsnbPEFHoi8kLs",w6hLdWrwSfaDAR3q8,cNsNwqbMpo9ajwebH,2024-04-26T18:55:45Z,5,120,false,"Game 1,Game 2,Game 5","Recall Association,Game 4"
EHuNWHp4bt8Sj4ZAS,2024-04-26T19:58:11Z,EHuNWHp4bt8Sj4ZAS,wgWHJHn5MwuPRyWnd,"32bvJGoLDhKCnmzKr,h7RoWhsnu24Jh4HcL,LrYJCQyd6CDHpFMgR,nDwLRsMXoC6YXD63z,XotibDL5xDvHxQ4x2","9YRZgpxaLE6Zw6CLp,EHHbGyEAQAYR3E6Az,LrajYKFueirizpTsE,ZZtHKwZDGCrmd3Ak2,a6B9uvK4vQE9QZ8mB,bj84tnbYG2uANc4ui",cNsNwqbMpo9ajwebH,2024-04-26T18:58:04Z,5,120,false,"Game 1,Game 2,Game 5","Recall Association,Game 4"
csh8iSWdiajKY2QAw,2024-04-26T20:50:17Z,csh8iSWdiajKY2QAw,zkoQ4xrhDTEyYW9J8,"yS2o6ovBPhQvLu7Fv,uMksaW9LMZ95j3pzf,EhNabXhBBgBAcjzTp,KHvEcNGpWuF4rHmib,iiutKCajKDZGSai3j",aQY4pxNidAqcTfxur,vuaYHxZEnEvdZ4oNG,2024-04-26T20:06:29Z,5,120,false,"Game 1,Game 3,Game 5","Game 2,Recall Association"
y6r7Pc4eopBfR6Zvt,2024-04-26T21:08:08Z,y6r7Pc4eopBfR6Zvt,LBzxZ5bewcvN2cpwD,"Qe7MXAXXCHDQTPAyc,jcQJC6LtPCKSyiYEm,Z6B9pX8Fekc2J4Rzc,EZYrzuwhrnNiJh9zB,uh5WQzC239kKpyzje","BpcNAyndZzzoDxNXb,QAw3uvx66vtFqjccq,mTrYogQXjbGjHtkus",vuaYHxZEnEvdZ4oNG,2024-04-26T20:09:02Z,5,120,false,"Game 1,Game 3,Game 5","Game 2,Recall Association"
ChpFh4KPEFWiwQ8Hw,2024-04-26T21:06:19Z,ChpFh4KPEFWiwQ8Hw,HHZXj63Xh9uHmPRES,"kyzdA68zZqLPJGPuj,GwxEDeCDopJaQeZAu,9gAKDDuSNanTSdDv3,RLNA49x2eb4YwtGcD,FcErbnchyTiXiJ2vJ","CL3SnsPrwsMaWyaj4,NjaqZz323KqqJk9Jd,YpCYoaYRQf39FECn6,g3vJYuxgPRY8aab8Y,m4TQghxz3GEseS7qs,zmeehpQqaKcEpwG3w",vuaYHxZEnEvdZ4oNG,2024-04-26T20:11:44Z,5,120,false,"Game 1,Game 3,Game 5","Game 2,Recall Association"
zGE9BYSNdM2vg6yPK,2024-04-26T20:56:00Z,zGE9BYSNdM2vg6yPK,zkoQ4xrhDTEyYW9J8,"bdqgoy7cRcnAYrE3Q,pfdjgFbwa54ohSPKB,EFKsYR2BSuvBH3f2u,eYF4nv6tzJcED7ieh,eJdTrHupzPHFnaq5Y",cFfEt6GfGZbQi7ehL,QhWNbEovfndeu9Jpw,2024-04-26T20:18:38Z,5,120,false,"Game 1,Game 3,Game 5","Game 2,Recall Association"
oafbPZQRiAtLS2trH,2024-04-26T20:55:08Z,oafbPZQRiAtLS2trH,zkoQ4xrhDTEyYW9J8,"doakmNwA7BiNATEHH,iSPMYfdmNNfieWo2L,uPaFJ4BrTnvh35Tk9,cGZvPf9tvx6eS3i8K,u533H4NEk3WBtBtTS",psaBuTaczPZDWZzKb,QWnGDvjkzPg5md2bf,2024-04-26T20:19:00Z,5,120,false,"Game 1,Game 3,Game 5","Game 2,Recall Association"
3b5D99YMppKYftSux,2024-04-26T21:17:07Z,3b5D99YMppKYftSux,HHZXj63Xh9uHmPRES,"PGyZp4JfQqRFnK9cj,S3RhW8BqPteAEAN6f,psoxZpqskJhJhAfs8,dMRmYTjGcMweJMME6,fPHZYQm3F6m98YPgy","SzEmunbQ8eRqcuuFz,b2utuJ9zssziv5x7s,wh4eQCfJ8bQNBuT94,yEeuKpZuytYqAKrWL,zJiXceNS3caxRLddH,zJiykdEA2WrPe2Gc2",QhWNbEovfndeu9Jpw,2024-04-26T20:19:34Z,5,120,false,"Game 1,Game 3,Game 5","Game 2,Recall Association"
hvjicLRP9dWGzoa64,2024-04-26T21:07:50Z,hvjicLRP9dWGzoa64,LBzxZ5bewcvN2cpwD,"qGNyLT8GZsX2zdAxp,QG3hAS5whE4HfnCSv,v6wrxCc3ogoCWkh5L,FvDAWFFydMheuaWi4,abP9qxKprynLtN8LW","4GskK3K4ZpayLEZwH,ZLKsfPSDj7sbGhKmd,pFrTqJXJLWdgRmTxA",QhWNbEovfndeu9Jpw,2024-04-26T20:21:15Z,5,120,false,"Game 1,Game 3,Game 5","Game 2,Recall Association"
bJnDEEyfuJ7o6r58v,2024-04-26T21:18:24Z,bJnDEEyfuJ7o6r58v,LBzxZ5bewcvN2cpwD,"bdutqHR444HZaJZsb,2JqGajwjYCNCEixvj,MhBgHTLprDiHReZAM,ru9tyDavXQwY9wH33,Y5f8gzNYWEozFsFor","67MN9gysHhePpKRah,JZjcLKQ79L9F8sEq2,kRxM3vh3QZtdrSNRc",QWnGDvjkzPg5md2bf,2024-04-26T20:27:41Z,5,120,false,"Game 1,Game 3,Game 5","Game 2,Recall Association"
fiQfaCL3wmyRpCDE6,2024-04-26T21:09:27Z,fiQfaCL3wmyRpCDE6,zkoQ4xrhDTEyYW9J8,"L9LeTcpmzHyS68TBx,y6DvLzmFe7uYrdRWq,3oZnXrHbGJQNS6eEi,MBba5rEap6pHgfSgR,i5KzwP2Pjjm9qSqTf",xmYTE7yqRFb6TEyJB,kKGjZjnrBqCyjttSe,2024-04-26T20:34:18Z,5,120,false,"Game 1,Game 3,Game 5","Game 2,Recall Association"
n7DdczRhT7u3KFFWp,2024-04-29T14:29:18Z,n7DdczRhT7u3KFFWp,pB6N9LuAiAJAB4dKm,"zcoq5dZZR7ht6Bd88,qMtyQHTc92p22kBKR,PTHbeiXvmQ2SHRypx,Wukn48sFLS5DSRz6r,x2NtywWXBketuPGgG","3Zo858Fnd4DuJNwQT,MN4jPXet7D6QwN8fE,SkX8ophnSAL8PaFaS",pPgKWbTyLk4xTrhWL,2024-04-29T13:35:35Z,5,120,false,"Game 1,Game 2,Game 5","Recall Association,Game 4"
J6wrY4z9PXX3zETqL,2024-04-29T14:04:19Z,J6wrY4z9PXX3zETqL,FALzYuDWpbg5NeiYx,"KgevpRw7PJxCsCvov,XecHWZXs9vNGwM6Gu,yXctL2LCp92vbhF75,eGXc2t8vfg5C3Deax,vDNuybopTsAbaQLyA",Ng4LWYsWYTnXfuWqN,pPgKWbTyLk4xTrhWL,2024-04-29T13:36:17Z,5,120,false,"Game 1,Game 2,Game 5","Recall Association,Game 4"
Du8H49r5hpSNBCbwc,2024-04-29T14:12:44Z,Du8H49r5hpSNBCbwc,FALzYuDWpbg5NeiYx,"8q7t5rSz9WeRzmWMh,nKcAM39sF2pgGEc7h,z84KPSEzGpdGdskgZ,5zcoM2uZYzMJba6tT,ZN6fqFkCPGfXHLG4e",RC7oewahtuACXgNef,5eFaTTbrsQakNPrQR,2024-04-29T13:48:51Z,5,120,false,"Game 1,Game 2,Game 5","Recall Association,Game 4"
RjSySPoiCfrohM9oM,2024-04-29T14:43:06Z,RjSySPoiCfrohM9oM,bTwT8vTEXL8dyLLdf,"CPTZYK8gbEswXpRCn,eRMgYsEZZ9gN5j75r,yanjZTscPCLpvFXoK,4ubDv56xhWPPQHdwA,sF3ASE9PrNG68Tq53","C8s4znZ3S6PWZEm33,NF3c3qTHyJ8WT3ttp,WH2KXDxjWNvczd6Bq,YPbaHiYwuvQrvgjSi,rxtS54Z9YiJJrus45,tWScRNhTGkhXSC2pX",5eFaTTbrsQakNPrQR,2024-04-29T13:49:25Z,5,120,false,"Game 1,Game 2,Game 5","Recall Association,Game 4"
dCr4NkDknZ5Sek3r7,2024-04-29T14:46:45Z,dCr4NkDknZ5Sek3r7,pB6N9LuAiAJAB4dKm,"wKvdZ7xq22mevMgyE,7juLccyvsjNeP9Ttu,c6wRp5fGpNJ2n8ixL,tRjBYuvcBPBGurqwc,HN46YnrzgsqXxXMYQ","XqmTsJMX6nSFNnEpe,d5rwhXFzEHth7jXqT,uFwCSHP96mNXXuY9J",5eFaTTbrsQakNPrQR,2024-04-29T13:51:31Z,5,120,false,"Game 1,Game 2,Game 5","Recall Association,Game 4"
Daupp8aLzAizmF3xQ,2024-04-29T14:57:02Z,Daupp8aLzAizmF3xQ,FALzYuDWpbg5NeiYx,"z4QfYMfxxqFLPPbaf,Nu4wWJ5EDHWEuuha7,Qq2G4vC9ANmAEi59b,9gTweXitXdvpuP2Hv,Q2zkhFwhbwb2BLqFH",uckPhw6Y8zvvsJHB2,TexRw788Z9t6QmQv4,2024-04-29T14:09:41Z,5,120,false,"Game 1,Game 2,Game 5","Recall Association,Game 4"
kQhKiDM4924dKTAjq,2024-04-29T15:58:18Z,kQhKiDM4924dKTAjq,HmHFGRK3wX6LENS8j,"KfhHjqTWFLXbj2yWN,apSHywwjJfqLmjR8D,D9x6Hbyz6b6LFSuhB,77bY6oJFGgmxP7W8c,RTJZ5ZMeZtNXrGdMy",FKdyrAfuuoLqX9iia,bxBtGvQAqs3C428WE,2024-04-29T15:15:13Z,5,120,false,"Game 1,Game 2,Game 3","Recall Association,Game 5"
GBqquZde8nsYpckGk,2024-04-29T16:11:28Z,GBqquZde8nsYpckGk,NPJ92ojHqBwWuQWS7,"Ld6jxYuYMnNbhhgvz,vk28zeaPRCkAshFoh,D5yWGsPdMSWkGEfAi,tNg7Y7gBYyenZiohN,XEWz8J9pJfSmD8nsa","6ENjj22smJSL5ZguR,7HdaJQWiiqG7bwmWj,FKneHft2AkTEwwQeM,MT8mBSPuyY9kzXoch,fjpcTf6PX8o4Gs7DR,ixS2mykCiYZT4Er9Z",bxBtGvQAqs3C428WE,2024-04-29T15:17:29Z,5,120,false,"Game 1,Game 2,Game 3","Recall Association,Game 5"
4iycdqAnLi5mtDpeL,2024-04-29T16:06:38Z,4iycdqAnLi5mtDpeL,ecgFguPzbTHokcjBn,"MYCJyBJo3YjSF2k7m,fzZ6hbFPktSDHWEiM,bnmtAwD8GXCP72r5x,sCoykyFXKacGWxz98,gXhEgYsibDxDiQNhD","6JooHfaryi545BKuF,9Km9WM8o9kaw3c9Qz,DBxTsMuxBWWWKWuEz",bxBtGvQAqs3C428WE,2024-04-29T15:20:07Z,5,120,false,"Game 1,Game 2,Game 3","Recall Association,Game 5"
xCYkhtmHMFK4rdmzZ,2024-04-29T16:18:34Z,xCYkhtmHMFK4rdmzZ,ecgFguPzbTHokcjBn,"kG89yQZ5yEpXaiRcb,rC4YHiCv5QsvScYuK,9aZ4Z6aDwRrNqhiqN,9NXyY6mM4asWrx2Ss,7RnBzTBftSJ7bY5vB","2fDfKpbwyBNYnmFzL,9gxwKTYNjbQ7wotHg,TB3Mjvv2ukntSGCKd",8EFTmu2CEdx9hFgcc,2024-04-29T15:21:23Z,5,120,false,"Game 1,Game 2,Game 3","Recall Association,Game 5"
KePvxMxHnSnuaZ7Se,2024-04-29T15:57:45Z,KePvxMxHnSnuaZ7Se,HmHFGRK3wX6LENS8j,"fCfgJhZS2txvoAPBp,r98K4oXSzMoNMC8ib,HpRdEwi9psZix2njQ,JMuirgPm3MSE9poPp,HtKEgoiL3vzTZRhwn",MHWffTNxDKuoHAvjt,8EFTmu2CEdx9hFgcc,2024-04-29T15:24:01Z,5,120,false,"Game 1,Game 2,Game 3","Recall Association,Game 5"
gC8zaDtvM77f42fE8,2024-04-29T16:05:11Z,gC8zaDtvM77f42fE8,HmHFGRK3wX6LENS8j,"eR7m4ybbnxuTBRpjy,WT9qLTCQt4CabwMxq,tM34rMm9Q9XxMevsp,WkXybs5ioRi8NHCpG,JugpSd4cRYm37ppRz",ZBQmHtKfYCiEK9NSC,9qo8yTNeuKpyhqfvN,2024-04-29T15:33:55Z,5,120,false,"Game 1,Game 2,Game 3",
n5wPjQhNiANWS655y,2024-04-29T17:38:28Z,n5wPjQhNiANWS655y,HHZXj63Xh9uHmPRES,"oJmXydyD48kK9NWqP,NMqgrzsBR7K4Xq6M8,x45dKvMY2KJ5drz9B,MTgbL3ryARzNgb47z,dqBKDdiJKQikMApni","CDGFSFFYbDYD9fTn6,LoXwrT2rErwo3uGku,RLWucpsxfmGfMeer4,Z95dXJfusZBjp2tyo,hkPdRv23MEinH6RHS,tZmAMXsoWJx7DHT6F",duWWj4BSqZKa3bJar,2024-04-29T16:44:47Z,5,120,false,"Game 1,Game 3,Game 5","Game 2,Recall Association"
vcjqQEn4jFWaoDi3X,2024-04-29T17:44:18Z,vcjqQEn4jFWaoDi3X,bTwT8vTEXL8dyLLdf,"Wtysd3ZaKvhzeP5vb,4huiAyCCNcKQGXbMK,ifR9ysi7BaeBMyAQM,bzT6nxh7Wy6Pk4uW6,iBW5XfWXuqDvTMxeH","5HF7rt4KSmvzHha33,LPBwKpi5Ry7h4vSTY,MDebbJNaREzz7as39,QH4Ht7RywdvYwrdcC,S42zesiowRRSMirAC,mCYvye4T5BnWo5aMt",duWWj4BSqZKa3bJar,2024-04-29T16:46:47Z,5,120,false,"Game 1,Game 2,Game 5","Recall Association,Game 4"
Q8L5bAhCDdFuco5rP,2024-04-29T17:56:04Z,Q8L5bAhCDdFuco5rP,NPJ92ojHqBwWuQWS7,"wf2kcwvydtB6bxw5o,vzjRpR7vP7iFJN8dt,9wES6dHW5my5KJHno,F6s5aDFNKtsH2nFKu,PeNj4RaisC2L5rTRZ","7vgs4dN2gvGtjpDyM,hk_75095ce5a18c6e9f,JTcsZhLH4FmpxWqgb,dybJQrEkd55N4EKTP,gckBAaKR7oNrcvPdp,iZSQrCYRLuXv9xgbi",RscesEDzpZLiL9MW2,2024-04-29T16:56:03Z,5,120,false,"Game 1,Game 2,Game 3","Recall Association,Game 5"
5aKDQrt7yGPzbgAvx,2024-04-29T17:56:31Z,5aKDQrt7yGPzbgAvx,HHZXj63Xh9uHmPRES,"2CfhPum3kjErzea2W,6g3AthZ2ep9c6qnAe,wxXS2HfwMtTRjaDCq,EacYE4dfmvoNkuFWR,puuWBtB5ea9apCNsj","PecvCvTAviFBK3k5j,ndKSRfmSWs8557Nuw,q9cjDZi2XnvHBvo3s,qPWnho4TPJe9SJSY2,rFE3fcZaGy38owDRo,wqj72agtfyX4HYxt3",RscesEDzpZLiL9MW2,2024-04-29T16:56:46Z,5,120,false,"Game 1,Game 3,Game 5","Game 2,Recall Association"
jzWcZFAEfCFdDBTmT,2024-04-29T19:07:12Z,jzWcZFAEfCFdDBTmT,fv3Nq3rxRnqMdeopq,"iLSxw3YTBDW9ZFzeS,aNAguC3Tw6BHoccDM,krSFuAkDv2Zn3LX8H,JzxjFW9v7Tu9SkhTe,BE6LSMjXEi5T2wQZn","7AaCBsmKDLdt2rcPc,iAhSAgpoTbbhK5FbF,mKevJyxBhfDmq6hCB",WpzeEKgZ8Xm72njwG,2024-04-29T18:09:46Z,5,120,false,"Game 1,Game 2,Game 5","Recall Association,Game 4"
LmT3QzvyFSf3nGDSy,2024-04-29T18:57:37Z,LmT3QzvyFSf3nGDSy,KD7Wf49ikKYvGSu2b,"JoSEPjj4c75Hkf5Mf,mYsPStHu9RDNgFQbt,KLsZ4aq2QWnCQMC2g,MBpmsBu3CQnk2CueJ,syLxKgixhwHfzmzhJ",Zm4SFiZi5X5uqtd47,WpzeEKgZ8Xm72njwG,2024-04-29T18:10:50Z,5,120,false,"Game 1,Game 2,Game 5","Recall Association,Game 4"
c3tk9L3FCHXXWSrmR,2024-04-29T18:50:25Z,c3tk9L3FCHXXWSrmR,KD7Wf49ikKYvGSu2b,"KF3csxWydBCq4dyra,WALs5EopRfetmnkwE,jtKS7ba9fie5pDqhP,SzvLnCgbnxtEPvHHw,uMSnWjyPAFbqYJcmf",YHsMStWX3iR2Nqyah,ui3Dqvc9bpQdQygmb,2024-04-29T18:11:53Z,5,120,false,"Game 1,Game 2,Game 5","Recall Association,Game 4"
mP453yTJSus5episS,2024-04-29T19:11:46Z,mP453yTJSus5episS,wgWHJHn5MwuPRyWnd,"yBAb9aMLvFgKkxBuT,ZCqvFvijhWSYJC7Tt,B33ruKCRZScHnACdz,DtEEZGYvRaqsxCPfC,Qn2PAKC2x94dpxaKR","7GakuLNAwrLEs4LL5,hk_312db321a6b977af,DfWwTbv6sBua59CRj,TnYn6q2esc3jtMX8F,qkcDxvRuEiXaWJk8C,v4oB4JoesQo76u2jH",WpzeEKgZ8Xm72njwG,2024-04-29T18:12:40Z,5,120,false,"Game 1,Game 2,Game 5","Recall Association,Game 4"
pNc3W4KzwL4ngtMGv,2024-04-29T19:08:54Z,pNc3W4KzwL4ngtMGv,fv3Nq3rxRnqMdeopq,"N6cE8ErmxGbPDZXCo,GE2N6CacNmB6sfJHp,uM3jCBJ5D8RjcpYvL,YmfJKqMqp7D34yGTv,twByoTTcv2WDqTA2Z","hk_e2a676b95e61a8c7,ByveBciC2neadvuL8,gCdrniv7PssH5L67u",ui3Dqvc9bpQdQygmb,2024-04-29T18:14:08Z,5,120,false,"Game 1,Game 2,Game 5","Recall Association,Game 4"
ZXqFZwhxBmiK2uvyM,2024-04-29T19:09:09Z,ZXqFZwhxBmiK2uvyM,wgWHJHn5MwuPRyWnd,"5yE5fRWn5ZENKEntK,JAXwRo4Jsc4QjdNE8,dSQKeay2TnSB5SJvY,on2WLriDrRuqEoRcG,egmouhDf3saMbNrbD","6Ftbm4S8RJax5y9bL,6N2G8ceC3kxRszgN5,LtigJxTjkGoikQPNa,ZAoxzFK47dSs23CWY,socHqdZ7cfBNCggx2,zGJwkF4xQFqLsfbSz",ui3Dqvc9bpQdQygmb,2024-04-29T18:15:33Z,5,120,false,"Game 1,Game 2,Game 5","Recall Association,Game 4"
zPAdX6BNhTnyjx5iT,2024-04-29T21:07:31Z,zPAdX6BNhTnyjx5iT,ecgFguPzbTHokcjBn,"6pKStQLjsge4FEBTN,SXJuNpb8uDCQmJE42,ooiiKqRDfCGYqqEAM,SZbCqBTWHCSvQCLxL,Rkky7A6XZACG4TpvC","5whLfMatxmK6qP5JA,yNA2fHEgoAj3F2hZi,yzWqriX3Yd7J2AFNX",7EMCgqamntuX5SLrv,2024-04-29T20:08:51Z,5,120,false,"Game 1,Game 2,Game 3","Recall Association,Game 5"
xxjhWrEn7cTgZMNt6,2024-04-29T20:38:12Z,xxjhWrEn7cTgZMNt6,HmHFGRK3wX6LENS8j,"XznrQCnT8x58dBYKM,vvXTPdvkH3zHZD6ot,3eTS6FkWqwpu4uJrL,yqFa6EFmPBPH5pnKy,3yhHAZpkJnHTfHQ6q",XSMy6SDCnLkLH88ZD,7EMCgqamntuX5SLrv,2024-04-29T20:10:26Z,5,120,false,"Game 1,Game 2,Game 3",
4afRgGBJTwAbciqi2,2024-04-29T21:09:11Z,4afRgGBJTwAbciqi2,NPJ92ojHqBwWuQWS7,"zYmbE3gZp4CPGNEAM,YAECEPFD7xT9gtosc,3D2WAqSqTQNtETnSB,oJGkBvmgbgWd8Ly3i,9TjaxGM528YdkZ2mF","6geMWkMy9LXLYWJgE,93PTyh9HLwgSEK2GQ,GxrWe2qZidkbhJ8KE,PXHrWGWnxFXQArfAX,oTxuDEywXDwkv86cK,paiSdoLRDzmxrWaMt",7EMCgqamntuX5SLrv,2024-04-29T20:10:41Z,5,120,false,"Game 1,Game 2,Game 3","Recall Association,Game 5"
8DQiAd5YMkAngGRzn,2024-04-29T21:01:57Z,8DQiAd5YMkAngGRzn,HmHFGRK3wX6LENS8j,"xsWYBcdK6FMhNuEt3,WBQjc3DPHc9TykaqZ,KiA9ycT7pCintXqx5,zdFsXcQmQBEj55Dnu,8KuoTPX4zbq4sFsEs",amCHAv9WS9gR9kxDt,xbsSRnzaRjeQ73Tco,2024-04-29T20:15:01Z,5,120,false,"Game 1,Game 2,Game 3","Recall Association,Game 5"
bSwcDahaC8rqfrxna,2024-04-29T21:17:01Z,bSwcDahaC8rqfrxna,ecgFguPzbTHokcjBn,"bBKcmFTFfqHYmsJ9t,S79wLF3gaBKwP3Dzq,QeR2TsDfx8rm8K7JX,wqe6w9AkoiGjYqoch,jf4E8eziCB3J2ZnKw","gWyKcFtM4uRbnu2GC,jGzauiW3ikrKeS5f6,sm9vuYmRrW8x2PJWY",xbsSRnzaRjeQ73Tco,2024-04-29T20:17:11Z,5,120,false,"Game 1,Game 2,Game 3","Recall Association,Game 5"
iDuKREhtbs64nWWpw,2024-04-29T21:18:57Z,iDuKREhtbs64nWWpw,NPJ92ojHqBwWuQWS7,"hFnb5Y5k3QBTfqFLh,KF63f3AFQrqM9fHES,nv2puS6WZdwsd2c8Q,Cf9hXMBsENxpbrDRm,ihnQWM65HT84xijJH","Qzm78oetz6F46Muhq,c9gGjzye3dGFy5kbz,okbS8GmY2eQv67W5e,t96NQnpKFfdFAWKJ6,vgKDhqdsnEn6aJP9v,zQDQ7j5W3h4bmwD8N",xbsSRnzaRjeQ73Tco,2024-04-29T20:19:34Z,5,120,false,"Game 1,Game 2,Game 3","Recall Association,Game 5"
