_id,index,availableCount,timeoutStartedAt,timedOutAt,queuedPlayerIds,playerIds,gameId,treatmentId,batchId,lobbyConfigId,createdAt
5qEkJ7RQWBFWCYPq2,0,6,,,,,,bTwT8vTEXL8dyLLdf,6mAfdWS6u2wsrL7pB,mvuvXfAzAmeyZ376N,2024-04-25T18:13:06Z
v9gRv72aN8ah7q2Ga,1,1,,,,,,FALzYuDWpbg5NeiYx,6mAfdWS6u2wsrL7pB,mvuvXfAzAmeyZ376N,2024-04-25T18:13:06Z
wmrZDKQFvK7wKSP2Q,2,3,,,,,,pB6N9LuAiAJAB4dKm,6mAfdWS6u2wsrL7pB,mvuvXfAzAmeyZ376N,2024-04-25T18:13:06Z
2NBtcGKuvN5Hff8ep,0,1,,,L8LLBEXDNZW7xafX3,L8LLBEXDNZW7xafX3,2NBtcGKuvN5Hff8ep,FALzYuDWpbg5NeiYx,h2dXgrCajPx3FYCWs,fTHQA2MxkSNk8jKkZ,2024-04-25T18:32:57Z
qbsLZCPJE8LEAKtfL,1,3,2024-04-25T18:37:05Z,,"bbTLoWQcLarwFiWmG,turhjKzSJxgMtwxFx,7Er7PfRwRM55FSSA7,TgXQEY6snDg5mJqhg","bbTLoWQcLarwFiWmG,7Er7PfRwRM55FSSA7,turhjKzSJxgMtwxFx",qbsLZCPJE8LEAKtfL,pB6N9LuAiAJAB4dKm,h2dXgrCajPx3FYCWs,fTHQA2MxkSNk8jKkZ,2024-04-25T18:32:57Z
2MBQEZRurhmbLsn5f,2,6,2024-04-25T18:37:00Z,,"CmvtEyFEpEbu44vRa,hyRBfZoB7uk5QTTbL,Kwq3vczHatBDvouqY,3yYWrr3C5rsgMR59S,brK8W4hACWFCpBp4m,M3scxsbyGFpjBisXp,3aPnGNZCyrLDepZm3,h77peHcqhQpcDaKSo,fNwndTGyZYK97FWkf,22p3CdYXxMedNrLtw,kJpWksEdYbtNSmW4B","Kwq3vczHatBDvouqY,3yYWrr3C5rsgMR59S,brK8W4hACWFCpBp4m,3aPnGNZCyrLDepZm3,h77peHcqhQpcDaKSo,fNwndTGyZYK97FWkf",2MBQEZRurhmbLsn5f,bTwT8vTEXL8dyLLdf,h2dXgrCajPx3FYCWs,fTHQA2MxkSNk8jKkZ,2024-04-25T18:32:57Z
2dWrbaed8XqyvB6i7,0,1,,,"DNWMABcP6SeXeaa6S,3rnDziGokNwxBXdES",3rnDziGokNwxBXdES,2dWrbaed8XqyvB6i7,FALzYuDWpbg5NeiYx,fRZWs7rFZdJFPt2sv,fTHQA2MxkSNk8jKkZ,2024-04-25T18:32:59Z
sKnRr9dR4SEQP4c9F,1,6,2024-04-25T18:42:40Z,,"CmvtEyFEpEbu44vRa,hyRBfZoB7uk5QTTbL,M3scxsbyGFpjBisXp,22p3CdYXxMedNrLtw,kJpWksEdYbtNSmW4B,q3THB89a5eyhu9599,kHZmjCCHG6NNnW3ui,Mb3pyHom3NemRjARR,X47NvuzB3DRrXabrk,DbRTKRQHM4MDNSs36","22p3CdYXxMedNrLtw,kJpWksEdYbtNSmW4B,q3THB89a5eyhu9599,kHZmjCCHG6NNnW3ui,Mb3pyHom3NemRjARR,X47NvuzB3DRrXabrk",sKnRr9dR4SEQP4c9F,bTwT8vTEXL8dyLLdf,fRZWs7rFZdJFPt2sv,fTHQA2MxkSNk8jKkZ,2024-04-25T18:32:59Z
4NNivRFCpqScA3pGp,2,3,2024-04-25T18:41:27Z,,"TgXQEY6snDg5mJqhg,bMkDEhn2LSNMbMzJW,RmnPuu66dZEwv26oS,sSnWvewwtyaLaXB45","TgXQEY6snDg5mJqhg,bMkDEhn2LSNMbMzJW,RmnPuu66dZEwv26oS",4NNivRFCpqScA3pGp,pB6N9LuAiAJAB4dKm,fRZWs7rFZdJFPt2sv,fTHQA2MxkSNk8jKkZ,2024-04-25T18:32:59Z
xqvghKquCCZKonhaf,0,3,2024-04-25T18:45:04Z,,"sSnWvewwtyaLaXB45,Wmh4wZoGricg27kcM,56LytjmnuaGktczcE","sSnWvewwtyaLaXB45,Wmh4wZoGricg27kcM,56LytjmnuaGktczcE",xqvghKquCCZKonhaf,pB6N9LuAiAJAB4dKm,naj9JzcFEGRMKq7g4,fTHQA2MxkSNk8jKkZ,2024-04-25T18:33:00Z
7TxuM2zajt4mhEXRY,1,1,,,DNWMABcP6SeXeaa6S,DNWMABcP6SeXeaa6S,7TxuM2zajt4mhEXRY,FALzYuDWpbg5NeiYx,naj9JzcFEGRMKq7g4,fTHQA2MxkSNk8jKkZ,2024-04-25T18:33:00Z
jiESPuXiHE2cW7YbH,2,6,2024-04-25T18:48:39Z,2024-04-25T18:58:39Z,"CmvtEyFEpEbu44vRa,hyRBfZoB7uk5QTTbL,M3scxsbyGFpjBisXp,DbRTKRQHM4MDNSs36,xohRTRJhPtDHCRwiq,xiQuHkXfrKrMEPAQC","M3scxsbyGFpjBisXp,DbRTKRQHM4MDNSs36,xiQuHkXfrKrMEPAQC,xohRTRJhPtDHCRwiq",,bTwT8vTEXL8dyLLdf,naj9JzcFEGRMKq7g4,fTHQA2MxkSNk8jKkZ,2024-04-25T18:33:00Z
czTndjzxbvstNiP3S,0,1,,,bWgCjiPKL9X8yktGK,bWgCjiPKL9X8yktGK,czTndjzxbvstNiP3S,HmHFGRK3wX6LENS8j,4rfztmzHbXQRAwPPB,fTHQA2MxkSNk8jKkZ,2024-04-25T19:44:00Z
fvwRCRGCwtTBfAN3w,1,6,2024-04-25T19:48:55Z,2024-04-25T19:58:55Z,"rm4PrYaEQ3grTqGSY,y8HG3QMWstSENnFTZ,2TcoTNvpgMFHjKyqG,Xn2vYvqQB94xJrzTS,z6YrBwTsGCZuF6ztR,7D7hNgDMxZrFufNyj,cdZ9cR2xDGhcvQdps","rm4PrYaEQ3grTqGSY,y8HG3QMWstSENnFTZ,2TcoTNvpgMFHjKyqG,z6YrBwTsGCZuF6ztR,cdZ9cR2xDGhcvQdps",,NPJ92ojHqBwWuQWS7,4rfztmzHbXQRAwPPB,fTHQA2MxkSNk8jKkZ,2024-04-25T19:44:00Z
FXGMJLKLjyTfM34rH,2,3,2024-04-25T19:56:36Z,,"6uYf9E83CyCKb36aB,7fEfZKPe3uL2qA4Fg,j9Kbw3rcskahwua4t,CY8up5GsnjLJWj3DT,5HwH3cEwFoXjoKnk9","j9Kbw3rcskahwua4t,CY8up5GsnjLJWj3DT,5HwH3cEwFoXjoKnk9",FXGMJLKLjyTfM34rH,ecgFguPzbTHokcjBn,4rfztmzHbXQRAwPPB,fTHQA2MxkSNk8jKkZ,2024-04-25T19:44:00Z
yG97gwShLvYjrQe4f,0,3,2024-04-26T13:06:30Z,,"3tRH352nvKwHth5EQ,yk6YAMcmMaFejhau9,LZm773AnmMy6dSHsb","3tRH352nvKwHth5EQ,yk6YAMcmMaFejhau9,LZm773AnmMy6dSHsb",yG97gwShLvYjrQe4f,fv3Nq3rxRnqMdeopq,z3QqewSMqWmQYWR78,fTHQA2MxkSNk8jKkZ,2024-04-25T19:44:29Z
DJ2iaeTJiLphqiM6Y,1,1,,,WHaMroqEG3tNAvBmp,WHaMroqEG3tNAvBmp,DJ2iaeTJiLphqiM6Y,KD7Wf49ikKYvGSu2b,z3QqewSMqWmQYWR78,fTHQA2MxkSNk8jKkZ,2024-04-25T19:44:29Z
SxGibfRoXMcfRpgXF,2,6,2024-04-26T13:04:27Z,,"nMQ3X8efQ78oZxBJa,hgymumQKZLi9LwHJA,RniMhmjseNQoSyGZ6,eFHtrejqfxvoYCpDA,kEi3TTySTnkbrTJTt,L7KySS8NuukmBzzs4,MPrzt7kkkTjMeSCwh","nMQ3X8efQ78oZxBJa,hgymumQKZLi9LwHJA,eFHtrejqfxvoYCpDA,kEi3TTySTnkbrTJTt,L7KySS8NuukmBzzs4,MPrzt7kkkTjMeSCwh",SxGibfRoXMcfRpgXF,wgWHJHn5MwuPRyWnd,z3QqewSMqWmQYWR78,fTHQA2MxkSNk8jKkZ,2024-04-25T19:44:29Z
QXbYn5eDpj5SHt72n,0,3,2024-04-26T14:36:58Z,,"nw3tjboisHS9xdgjB,ZqSDyDXG738iMD49i,6r7hZCf2txj9Jun8E","ZqSDyDXG738iMD49i,nw3tjboisHS9xdgjB,6r7hZCf2txj9Jun8E",QXbYn5eDpj5SHt72n,LBzxZ5bewcvN2cpwD,yLRjWuFkNWEq3DbP4,fTHQA2MxkSNk8jKkZ,2024-04-25T19:44:52Z
rAiyJn5RMZHMQzBsn,1,1,,,"pX7WtmyzrKKwrzyTm,qk3LwGBAtWKTA4N5W,KGzCaY4BNipHJdyQz,hk_e98f18138b063b67,tBnAAxHAGNYd445Kg,qQ5ZhcJmcGL9nS7AR,2jShmJvQc9Rh88CTK",qk3LwGBAtWKTA4N5W,rAiyJn5RMZHMQzBsn,zkoQ4xrhDTEyYW9J8,yLRjWuFkNWEq3DbP4,fTHQA2MxkSNk8jKkZ,2024-04-25T19:44:52Z
4cngqMgLyByZNxCXy,2,6,2024-04-26T14:36:34Z,,"JccXFQroPyk9XEPXZ,LCPfrN94LaApMjewT,6tr4jE9zDFxqCNhvB,NHJtz24rbL5e4jnx4,Y3v75qpogBkLjTpug,3wQpS45QqLb8HKvrw,utfhFZw57BKkQ6G2G,NnXSLdTsfXtoJZZBp,LwPug9TNbiCoRheSG,qWrwKg8edpxfn4TMF,zWGJddoKMANtqqmpR","JccXFQroPyk9XEPXZ,NHJtz24rbL5e4jnx4,6tr4jE9zDFxqCNhvB,Y3v75qpogBkLjTpug,3wQpS45QqLb8HKvrw,NnXSLdTsfXtoJZZBp",4cngqMgLyByZNxCXy,HHZXj63Xh9uHmPRES,yLRjWuFkNWEq3DbP4,fTHQA2MxkSNk8jKkZ,2024-04-25T19:44:52Z
H98kaBiMFyLpsJkMS,0,6,2024-04-25T20:07:45Z,2024-04-25T20:17:46Z,"Xta2uMwSc4QZ9rF97,RneHCXnYTFEpBwuAD,67uzHeEidJHhoZgHH,ZnuYvRbqmFS5HYeAd,qc7M8tkanCksQAjwd,HTcZQtoLd5iKtJCk9","67uzHeEidJHhoZgHH,ZnuYvRbqmFS5HYeAd,qc7M8tkanCksQAjwd,HTcZQtoLd5iKtJCk9",,NPJ92ojHqBwWuQWS7,hk_54e9a64573531e43,fTHQA2MxkSNk8jKkZ,2024-04-25T19:47:49Z
SGfCSq52LiT9r2Akx,1,3,2024-04-25T20:00:26Z,2024-04-25T20:10:27Z,"6uYf9E83CyCKb36aB,7fEfZKPe3uL2qA4Fg,yCE7jz4a4jrjYRwoZ",yCE7jz4a4jrjYRwoZ,,ecgFguPzbTHokcjBn,hk_54e9a64573531e43,fTHQA2MxkSNk8jKkZ,2024-04-25T19:47:49Z
ba5XzG5RFr2FXAuWw,2,1,,,wfbLSaL4xmvYr8Kuc,wfbLSaL4xmvYr8Kuc,ba5XzG5RFr2FXAuWw,HmHFGRK3wX6LENS8j,hk_54e9a64573531e43,fTHQA2MxkSNk8jKkZ,2024-04-25T19:47:49Z
xwZMmGmgKpEM9vogg,0,1,,,,,,HmHFGRK3wX6LENS8j,K38NNAEjokniidNdW,fTHQA2MxkSNk8jKkZ,2024-04-25T19:47:52Z
JzoA75bD8W3jiQmpe,1,6,2024-04-25T20:24:25Z,,"Qjd9qrqWafADraJYa,iPiRrrRfAuCkNu9X3","iPiRrrRfAuCkNu9X3,Qjd9qrqWafADraJYa",,NPJ92ojHqBwWuQWS7,K38NNAEjokniidNdW,fTHQA2MxkSNk8jKkZ,2024-04-25T19:47:52Z
TfrvLHMtKKbY2yyzk,2,3,,,,,,ecgFguPzbTHokcjBn,K38NNAEjokniidNdW,fTHQA2MxkSNk8jKkZ,2024-04-25T19:47:52Z
XgFuRWFiLFK5yw5kp,0,6,2024-04-26T13:14:02Z,,"RniMhmjseNQoSyGZ6,dmRzjwZ58BygnHrSF,JX2CsTbeth9XYkkjg,YB2suomS5qE3sQhRC,qJRS22eMrXv2Z9LKN,cs8n4Mrx5KiME3PBP,W5ZJZNFg7uWTTFdQD,pKpHTsqwgTnZHyK9q,7gLN8LSGSfJjxEyER,3QpQz63ZjWhqndAxp","dmRzjwZ58BygnHrSF,YB2suomS5qE3sQhRC,pKpHTsqwgTnZHyK9q,W5ZJZNFg7uWTTFdQD,qJRS22eMrXv2Z9LKN,7gLN8LSGSfJjxEyER",XgFuRWFiLFK5yw5kp,wgWHJHn5MwuPRyWnd,eGAsoLPH9fP9ymb3i,fTHQA2MxkSNk8jKkZ,2024-04-26T12:22:19Z
Dkottt8cS3JRainQE,1,1,,,"WauYnMdsSWzysETgX,roE5xcxaDsbqMmDuJ,6PZH4iM32nBXpJPSZ",roE5xcxaDsbqMmDuJ,Dkottt8cS3JRainQE,KD7Wf49ikKYvGSu2b,eGAsoLPH9fP9ymb3i,fTHQA2MxkSNk8jKkZ,2024-04-26T12:22:19Z
9Y9NdvTyN7wZW9wQ2,2,3,2024-04-26T13:16:20Z,,"nBkXhWcAi5zEX5Jov,a8X3G295QDTCFxGJa,sjKGKCeWo4CmDxCtv","nBkXhWcAi5zEX5Jov,sjKGKCeWo4CmDxCtv,a8X3G295QDTCFxGJa",9Y9NdvTyN7wZW9wQ2,fv3Nq3rxRnqMdeopq,eGAsoLPH9fP9ymb3i,fTHQA2MxkSNk8jKkZ,2024-04-26T12:22:19Z
pRY3qpZL3Mfn226wg,0,1,,,"WauYnMdsSWzysETgX,6PZH4iM32nBXpJPSZ",6PZH4iM32nBXpJPSZ,pRY3qpZL3Mfn226wg,KD7Wf49ikKYvGSu2b,GPhfyLXpE6Hd35K8C,fTHQA2MxkSNk8jKkZ,2024-04-26T12:22:22Z
87PMuZK6xi8rs8BTr,1,6,2024-04-26T13:18:32Z,,"RniMhmjseNQoSyGZ6,JX2CsTbeth9XYkkjg,cs8n4Mrx5KiME3PBP,3QpQz63ZjWhqndAxp,WjqbGrSnv3WRtCn4r,CQTtkvLX6uE83t8oK,XWfwn3kBs7TNrzrnd,6xReAvyrS8WYPxFpu","3QpQz63ZjWhqndAxp,WjqbGrSnv3WRtCn4r,CQTtkvLX6uE83t8oK,cs8n4Mrx5KiME3PBP,XWfwn3kBs7TNrzrnd,6xReAvyrS8WYPxFpu",87PMuZK6xi8rs8BTr,wgWHJHn5MwuPRyWnd,GPhfyLXpE6Hd35K8C,fTHQA2MxkSNk8jKkZ,2024-04-26T12:22:22Z
pENajYLsQ4aaMJyRv,2,3,2024-04-26T13:21:01Z,,"rGtWbcD7Dybm4TzxT,htHw2aWM4Maeerf3i,MEaj7m6qZCh2o7F2Z,BiTjDBWiwhizkgvtS","MEaj7m6qZCh2o7F2Z,rGtWbcD7Dybm4TzxT,htHw2aWM4Maeerf3i",pENajYLsQ4aaMJyRv,fv3Nq3rxRnqMdeopq,GPhfyLXpE6Hd35K8C,fTHQA2MxkSNk8jKkZ,2024-04-26T12:22:22Z
hk_4e27fe7cb4315aa5,0,1,,,WauYnMdsSWzysETgX,,,KD7Wf49ikKYvGSu2b,fRMLSqFRm5ZAwursk,fTHQA2MxkSNk8jKkZ,2024-04-26T12:22:24Z
m7oshCFaERWhZqvst,1,3,2024-04-26T13:28:34Z,2024-04-26T13:38:34Z,"BiTjDBWiwhizkgvtS,6NQhZRGZaQsWWn7Lj,uugeKWrY8oNfJ4eSi,uzR6gu6WxfC33KDP6","6NQhZRGZaQsWWn7Lj,uugeKWrY8oNfJ4eSi,uzR6gu6WxfC33KDP6",m7oshCFaERWhZqvst,fv3Nq3rxRnqMdeopq,fRMLSqFRm5ZAwursk,fTHQA2MxkSNk8jKkZ,2024-04-26T12:22:24Z
pcZqDMMDitozaDgY4,2,6,2024-04-26T13:25:13Z,2024-04-26T13:35:13Z,"RniMhmjseNQoSyGZ6,JX2CsTbeth9XYkkjg,pvGXkyiakCbhGxJqR,xXSwQtho5KDaAz2iT,az5EkKKPEy5vr7FPF,mawt6M5DZRGPPpPvh","pvGXkyiakCbhGxJqR,az5EkKKPEy5vr7FPF,mawt6M5DZRGPPpPvh",,wgWHJHn5MwuPRyWnd,fRMLSqFRm5ZAwursk,fTHQA2MxkSNk8jKkZ,2024-04-26T12:22:24Z
Qf9KoPomsmMWLfeFQ,0,1,,,"pX7WtmyzrKKwrzyTm,KGzCaY4BNipHJdyQz,hk_e98f18138b063b67,tBnAAxHAGNYd445Kg,qQ5ZhcJmcGL9nS7AR,2jShmJvQc9Rh88CTK",pX7WtmyzrKKwrzyTm,Qf9KoPomsmMWLfeFQ,zkoQ4xrhDTEyYW9J8,cGYYZTm6NeAtsnXqG,fTHQA2MxkSNk8jKkZ,2024-04-26T14:33:39Z
SCwwxS4CyaJj5uJQX,1,3,2024-04-26T14:44:39Z,,"hZxvCdohAvoYm6KGK,F3XBZFgmFbzaLGQAw,Hjz3hTHaXo3NkmcHC,CTFQaG6Gi4aSJWabw,H89Wf6EXeACHGcrGw,tQBdoYM2j2occWYYx,Xwcuc9FMavNRPtBo2,kF39B6nYkkNDtpkqe,qJa6DYcKY43oBb2HA,gnWdrNFLnysR3reTH","Hjz3hTHaXo3NkmcHC,hZxvCdohAvoYm6KGK,Xwcuc9FMavNRPtBo2",SCwwxS4CyaJj5uJQX,LBzxZ5bewcvN2cpwD,cGYYZTm6NeAtsnXqG,fTHQA2MxkSNk8jKkZ,2024-04-26T14:33:39Z
ZTQ68Dnmkbh2PjvsF,2,6,2024-04-26T14:40:07Z,,"LCPfrN94LaApMjewT,utfhFZw57BKkQ6G2G,LwPug9TNbiCoRheSG,qWrwKg8edpxfn4TMF,zWGJddoKMANtqqmpR,GXciiBYL4ntE5vkTH","LwPug9TNbiCoRheSG,utfhFZw57BKkQ6G2G,qWrwKg8edpxfn4TMF,LCPfrN94LaApMjewT,zWGJddoKMANtqqmpR,GXciiBYL4ntE5vkTH",ZTQ68Dnmkbh2PjvsF,HHZXj63Xh9uHmPRES,cGYYZTm6NeAtsnXqG,fTHQA2MxkSNk8jKkZ,2024-04-26T14:33:39Z
yEcvrzXuo37cJSFst,0,1,,,"KGzCaY4BNipHJdyQz,hk_e98f18138b063b67,tBnAAxHAGNYd445Kg,qQ5ZhcJmcGL9nS7AR,2jShmJvQc9Rh88CTK",hk_e98f18138b063b67,yEcvrzXuo37cJSFst,zkoQ4xrhDTEyYW9J8,yr4NBh6EG9aPHFepe,fTHQA2MxkSNk8jKkZ,2024-04-26T14:33:40Z
bJJqZadr6ku8CQWjr,1,3,2024-04-26T14:45:49Z,,"F3XBZFgmFbzaLGQAw,CTFQaG6Gi4aSJWabw,H89Wf6EXeACHGcrGw,tQBdoYM2j2occWYYx,kF39B6nYkkNDtpkqe,qJa6DYcKY43oBb2HA,gnWdrNFLnysR3reTH","F3XBZFgmFbzaLGQAw,CTFQaG6Gi4aSJWabw,kF39B6nYkkNDtpkqe",bJJqZadr6ku8CQWjr,LBzxZ5bewcvN2cpwD,yr4NBh6EG9aPHFepe,fTHQA2MxkSNk8jKkZ,2024-04-26T14:33:40Z
82FRAooEgZx9xfeaA,2,6,2024-04-26T14:47:24Z,2024-04-26T14:57:24Z,"T2aiMgLSsypXQtqmE,NJawwhik6cTeYan5y,ceWzsQwnRt8QBbYQt,ijJmsvM4ePfHSfgPx,Zg8nbnex7TNQTDJ2T,fFqEgAHuMRkF2uYuA,zx9Hc7EiFhm26GLFG,buxGgwNdqT24WC7uf","T2aiMgLSsypXQtqmE,Zg8nbnex7TNQTDJ2T,ijJmsvM4ePfHSfgPx,fFqEgAHuMRkF2uYuA,zx9Hc7EiFhm26GLFG",,HHZXj63Xh9uHmPRES,yr4NBh6EG9aPHFepe,fTHQA2MxkSNk8jKkZ,2024-04-26T14:33:40Z
dCWNTiHNCmbJ7NoQB,0,1,,,"KGzCaY4BNipHJdyQz,tBnAAxHAGNYd445Kg,qQ5ZhcJmcGL9nS7AR,2jShmJvQc9Rh88CTK",qQ5ZhcJmcGL9nS7AR,dCWNTiHNCmbJ7NoQB,zkoQ4xrhDTEyYW9J8,zPapTv7nCn8uB9Ecj,fTHQA2MxkSNk8jKkZ,2024-04-26T14:33:42Z
2BPYphmk2x2GgcibC,1,6,2024-04-26T14:58:16Z,2024-04-26T15:08:17Z,"PodkWBPcR6tfYhmYs,dWdzjwCACAeYKripv,Rnqo5umzjHZNjSZpq,sd5JhZE22HNKBiqjJ","PodkWBPcR6tfYhmYs,dWdzjwCACAeYKripv,Rnqo5umzjHZNjSZpq,sd5JhZE22HNKBiqjJ",,HHZXj63Xh9uHmPRES,zPapTv7nCn8uB9Ecj,fTHQA2MxkSNk8jKkZ,2024-04-26T14:33:42Z
ojYFEyD7rBPDq3mqG,2,3,2024-04-26T14:46:08Z,,"H89Wf6EXeACHGcrGw,tQBdoYM2j2occWYYx,qJa6DYcKY43oBb2HA,gnWdrNFLnysR3reTH","qJa6DYcKY43oBb2HA,H89Wf6EXeACHGcrGw,tQBdoYM2j2occWYYx",ojYFEyD7rBPDq3mqG,LBzxZ5bewcvN2cpwD,zPapTv7nCn8uB9Ecj,fTHQA2MxkSNk8jKkZ,2024-04-26T14:33:42Z
YoXqTcxKioXDy6sKi,0,6,2024-04-26T16:05:12Z,,"eLg9eXyCMYkcKD8fj,agDibaKbW6qHHHep7,SQdtNYxzxqQAoaxcx,Gs4uNWD3eyYBQBcmJ,MBfxLJdLQNoRT9q7Y,jKmhc2SASeh2xTvyt","eLg9eXyCMYkcKD8fj,agDibaKbW6qHHHep7,jKmhc2SASeh2xTvyt,Gs4uNWD3eyYBQBcmJ,SQdtNYxzxqQAoaxcx,MBfxLJdLQNoRT9q7Y",YoXqTcxKioXDy6sKi,bTwT8vTEXL8dyLLdf,C5qtXgNReNZiWmdkz,fTHQA2MxkSNk8jKkZ,2024-04-26T15:48:30Z
JzeicCK3puZLrygnx,1,1,,,3LgAh7DBng2ckgWFh,3LgAh7DBng2ckgWFh,JzeicCK3puZLrygnx,FALzYuDWpbg5NeiYx,C5qtXgNReNZiWmdkz,fTHQA2MxkSNk8jKkZ,2024-04-26T15:48:30Z
3QDAeYja9u2yu2wtJ,2,3,2024-04-26T16:07:26Z,,"hk_10a59f5dfd393064,ig5S9XaReJ6xy8fWu,FdEW8Kyz3E3C4f6ca,rzj2irSfcgQGdjQYk","hk_10a59f5dfd393064,ig5S9XaReJ6xy8fWu,rzj2irSfcgQGdjQYk",3QDAeYja9u2yu2wtJ,pB6N9LuAiAJAB4dKm,C5qtXgNReNZiWmdkz,fTHQA2MxkSNk8jKkZ,2024-04-26T15:48:30Z
6uSkQ9j7aDyQuYYiR,0,6,2024-04-26T16:09:50Z,,"u3cJ7cywmhKk7bzrW,79japxKr7buDb3gFn,kMAwS6mfY8eWhwfNb,FEksSSdrGZ9ujXsKy,6iddHLwaZB8JL4jWj,gy6A6QKg2KLXfDn8T,ZRQAtGPJxPj622TXA","u3cJ7cywmhKk7bzrW,FEksSSdrGZ9ujXsKy,6iddHLwaZB8JL4jWj,79japxKr7buDb3gFn,ZRQAtGPJxPj622TXA,gy6A6QKg2KLXfDn8T",6uSkQ9j7aDyQuYYiR,bTwT8vTEXL8dyLLdf,jkmEQ5WynaHTaWdFG,fTHQA2MxkSNk8jKkZ,2024-04-26T15:48:33Z
7nw5eZeQEZh6w2y3w,1,1,,,QEhtXxa7qPYCFchfb,QEhtXxa7qPYCFchfb,7nw5eZeQEZh6w2y3w,FALzYuDWpbg5NeiYx,jkmEQ5WynaHTaWdFG,fTHQA2MxkSNk8jKkZ,2024-04-26T15:48:33Z
5nYr64YMFhM8EJuLK,2,3,2024-04-26T16:10:10Z,,"FdEW8Kyz3E3C4f6ca,6npqBAPS6kkhuj3Qy,RrDCRS3bAPFLNTgAR,zbNxtw4c4yjki99AY,quYQ9QuwzW4j5oMBf","FdEW8Kyz3E3C4f6ca,6npqBAPS6kkhuj3Qy,RrDCRS3bAPFLNTgAR",5nYr64YMFhM8EJuLK,pB6N9LuAiAJAB4dKm,jkmEQ5WynaHTaWdFG,fTHQA2MxkSNk8jKkZ,2024-04-26T15:48:33Z
i9g4YLxM3zuxGuQkM,0,3,2024-04-26T16:15:17Z,,"zbNxtw4c4yjki99AY,quYQ9QuwzW4j5oMBf,hk_62b26daa1f5762d7","zbNxtw4c4yjki99AY,quYQ9QuwzW4j5oMBf,hk_62b26daa1f5762d7",i9g4YLxM3zuxGuQkM,pB6N9LuAiAJAB4dKm,BeWZABfvDccjmnXMG,fTHQA2MxkSNk8jKkZ,2024-04-26T15:48:34Z
H8dQxtQgTpw427RjT,1,1,,,aYAyqNgFHruZvCruz,aYAyqNgFHruZvCruz,H8dQxtQgTpw427RjT,FALzYuDWpbg5NeiYx,BeWZABfvDccjmnXMG,fTHQA2MxkSNk8jKkZ,2024-04-26T15:48:34Z
yMATR9YPPPJPhud2H,2,6,2024-04-26T16:16:49Z,2024-04-26T16:26:50Z,"kMAwS6mfY8eWhwfNb,yuYyb8EbCxXJ6r32D,9LSedHyeDwv8zZZR6,NkGmvWMGL3FPk3gsG,DRHjSqurCzRrRArq3,HA3ro2PH9iX8ynGd3","yuYyb8EbCxXJ6r32D,NkGmvWMGL3FPk3gsG,9LSedHyeDwv8zZZR6,DRHjSqurCzRrRArq3",,bTwT8vTEXL8dyLLdf,BeWZABfvDccjmnXMG,fTHQA2MxkSNk8jKkZ,2024-04-26T15:48:34Z
hk_00cb54d1ad273a49,0,6,2024-04-26T16:32:04Z,,"zkNTEvFyvCAK8LTvP,xc7LKx5ckPDNN2mjc,W6rAnhJwdnD9Hsc5T,hk_34e8ed02df1ff595","zkNTEvFyvCAK8LTvP,W6rAnhJwdnD9Hsc5T,xc7LKx5ckPDNN2mjc",,bTwT8vTEXL8dyLLdf,kEbzmFdFKSB68h6NQ,fTHQA2MxkSNk8jKkZ,2024-04-26T15:48:35Z
NDCyCGQQdfudLMCQy,1,1,,,,,,FALzYuDWpbg5NeiYx,kEbzmFdFKSB68h6NQ,fTHQA2MxkSNk8jKkZ,2024-04-26T15:48:35Z
QZq2gJKRyEJxhtXLa,2,3,2024-04-26T16:33:49Z,,8k6DSLz4GLGG75yWC,8k6DSLz4GLGG75yWC,,pB6N9LuAiAJAB4dKm,kEbzmFdFKSB68h6NQ,fTHQA2MxkSNk8jKkZ,2024-04-26T15:48:35Z
sbHP54tSMnvwJ2Jtf,0,3,2024-04-26T17:26:13Z,,"4xnr5R3oiMZYWiqE8,6KWZydvb5cXmbuRFF,aNK2n8f6yRexWaXhy","4xnr5R3oiMZYWiqE8,6KWZydvb5cXmbuRFF,aNK2n8f6yRexWaXhy",sbHP54tSMnvwJ2Jtf,ecgFguPzbTHokcjBn,TsgRegrp6JvothYXw,fTHQA2MxkSNk8jKkZ,2024-04-26T17:01:50Z
BgyxxmF7WtxZSbDtX,1,6,2024-04-26T17:28:10Z,,"fsbrZbhRNsdvuZSti,yPyNfgJpYFHdzKLnY,E3yM74o4bAkB6TCmR,s82dJ6TLjWrxqDehT,kXhd8QMMChxdo7mYw,HdP4WdCEQFd2Roece,bb6zd4JDEMR8ut2KJ,6KSNSLevGQPd9DkGt,iSk9uP9rh8QB93jp6,bRmmryxT2g4xRPTyP,Yve9RbHeH2NbcQDDa,eygQiwfEdvpvr3wxy,xDh5cFij8CZLjxE23,NGknknFHFr4G9h833","E3yM74o4bAkB6TCmR,s82dJ6TLjWrxqDehT,bb6zd4JDEMR8ut2KJ,kXhd8QMMChxdo7mYw,6KSNSLevGQPd9DkGt,Yve9RbHeH2NbcQDDa",BgyxxmF7WtxZSbDtX,NPJ92ojHqBwWuQWS7,TsgRegrp6JvothYXw,fTHQA2MxkSNk8jKkZ,2024-04-26T17:01:50Z
iRERt6TSvvMJzX8Az,2,1,,,6mSYD4n45MQBzmCzM,6mSYD4n45MQBzmCzM,iRERt6TSvvMJzX8Az,HmHFGRK3wX6LENS8j,TsgRegrp6JvothYXw,fTHQA2MxkSNk8jKkZ,2024-04-26T17:01:50Z
CGR5XCF8sPwc9AmfF,0,3,2024-04-26T17:32:06Z,,"aHw55xaujeaN2Kc8B,o4MEz5izDy6ktLL8g,QpcdSAtG2QaKyZTJW,ZZNGX2HunCj3Ks7xY","aHw55xaujeaN2Kc8B,QpcdSAtG2QaKyZTJW,ZZNGX2HunCj3Ks7xY",CGR5XCF8sPwc9AmfF,ecgFguPzbTHokcjBn,zEtXeDCGrvK9DSywn,fTHQA2MxkSNk8jKkZ,2024-04-26T17:01:53Z
jPoeZe9jw3FBFxbkj,1,6,2024-04-26T17:31:51Z,,"fsbrZbhRNsdvuZSti,yPyNfgJpYFHdzKLnY,HdP4WdCEQFd2Roece,iSk9uP9rh8QB93jp6,bRmmryxT2g4xRPTyP,eygQiwfEdvpvr3wxy,xDh5cFij8CZLjxE23,NGknknFHFr4G9h833,R9cqeAdC9WngzGNyg,YJ9HJDcCLjGG84wX6,eYgDoqWpdqtNJ3dZL","bRmmryxT2g4xRPTyP,HdP4WdCEQFd2Roece,eygQiwfEdvpvr3wxy,iSk9uP9rh8QB93jp6,NGknknFHFr4G9h833,xDh5cFij8CZLjxE23",jPoeZe9jw3FBFxbkj,NPJ92ojHqBwWuQWS7,zEtXeDCGrvK9DSywn,fTHQA2MxkSNk8jKkZ,2024-04-26T17:01:53Z
JB3ExMvJDFgNprtAt,2,1,,,XR3JkGoX5hQE3jrdQ,XR3JkGoX5hQE3jrdQ,JB3ExMvJDFgNprtAt,HmHFGRK3wX6LENS8j,zEtXeDCGrvK9DSywn,fTHQA2MxkSNk8jKkZ,2024-04-26T17:01:53Z
Gac4qCcS67Huc7BMF,0,3,2024-04-26T17:35:35Z,,"o4MEz5izDy6ktLL8g,nW5NBzdr5GDie6NKZ,hk_ce0b1e03844bf206,tvfDM2EFYzijXJbuE,jrTG336pryi6P7N7e","tvfDM2EFYzijXJbuE,o4MEz5izDy6ktLL8g,hk_ce0b1e03844bf206",Gac4qCcS67Huc7BMF,ecgFguPzbTHokcjBn,vPbzp8M4A5WwKF94G,fTHQA2MxkSNk8jKkZ,2024-04-26T17:01:55Z
ykmGbDdsXHA3DRWam,1,1,,,"Ys82muw3a4svBWNAS,BFXET7XSsiANBuJXi",Ys82muw3a4svBWNAS,ykmGbDdsXHA3DRWam,HmHFGRK3wX6LENS8j,vPbzp8M4A5WwKF94G,fTHQA2MxkSNk8jKkZ,2024-04-26T17:01:55Z
M9qsEkhfhPezmhiEr,2,6,2024-04-26T17:33:58Z,,"fsbrZbhRNsdvuZSti,yPyNfgJpYFHdzKLnY,R9cqeAdC9WngzGNyg,YJ9HJDcCLjGG84wX6,eYgDoqWpdqtNJ3dZL,rqSXWXuM9rom4BHDR,N6PhXWEcvxgP39NFD,mB6KYJduzgXqej7Nd,n5R5E5KoAJfXHRk4G,TvyChoy436vKdQjaq","R9cqeAdC9WngzGNyg,YJ9HJDcCLjGG84wX6,rqSXWXuM9rom4BHDR,eYgDoqWpdqtNJ3dZL,N6PhXWEcvxgP39NFD,n5R5E5KoAJfXHRk4G",M9qsEkhfhPezmhiEr,NPJ92ojHqBwWuQWS7,vPbzp8M4A5WwKF94G,fTHQA2MxkSNk8jKkZ,2024-04-26T17:01:55Z
6C3bEt8Zg2KYGsxnj,0,3,2024-04-26T17:36:46Z,,"nW5NBzdr5GDie6NKZ,jrTG336pryi6P7N7e,QbGQsPYwhJJF63gbt","jrTG336pryi6P7N7e,nW5NBzdr5GDie6NKZ,QbGQsPYwhJJF63gbt",6C3bEt8Zg2KYGsxnj,ecgFguPzbTHokcjBn,hk_6380d476edabdec9,fTHQA2MxkSNk8jKkZ,2024-04-26T17:01:57Z
j9d9ZeFoWtmbJFoWQ,1,1,,,BFXET7XSsiANBuJXi,BFXET7XSsiANBuJXi,j9d9ZeFoWtmbJFoWQ,HmHFGRK3wX6LENS8j,hk_6380d476edabdec9,fTHQA2MxkSNk8jKkZ,2024-04-26T17:01:57Z
2su5NHdWC8SiQ6Gss,2,6,2024-04-26T17:37:55Z,2024-04-26T17:47:56Z,"fsbrZbhRNsdvuZSti,yPyNfgJpYFHdzKLnY,mB6KYJduzgXqej7Nd,TvyChoy436vKdQjaq,i9mh7n6RH26bjtxoN,h23SZrXAxdcmBed3C,5mcHwwXXX9PuWcAbC,mwwie49wo49dEENSs,k8YDdMEBn9eu8t9uR","mB6KYJduzgXqej7Nd,TvyChoy436vKdQjaq,i9mh7n6RH26bjtxoN,5mcHwwXXX9PuWcAbC,h23SZrXAxdcmBed3C",,NPJ92ojHqBwWuQWS7,hk_6380d476edabdec9,fTHQA2MxkSNk8jKkZ,2024-04-26T17:01:57Z
qMcbiDbkEzCCbPHAw,0,1,,,eWrpe2BTL2SGXLrye,eWrpe2BTL2SGXLrye,qMcbiDbkEzCCbPHAw,KD7Wf49ikKYvGSu2b,tgQTLRg294fCoesEi,fTHQA2MxkSNk8jKkZ,2024-04-26T18:30:13Z
yiWDDzqGKt7nKvTkZ,1,3,2024-04-26T18:41:07Z,,"aziz2sj3iG8DXq7Ps,WRujTfNARM3W7mv5r,4fjn4Cgn4eBM8eLdp,t9CdqLwofzN7BAW2Y,2fmzxkStCQA6S6emr","WRujTfNARM3W7mv5r,aziz2sj3iG8DXq7Ps,4fjn4Cgn4eBM8eLdp",yiWDDzqGKt7nKvTkZ,fv3Nq3rxRnqMdeopq,tgQTLRg294fCoesEi,fTHQA2MxkSNk8jKkZ,2024-04-26T18:30:13Z
Dw3NhgBJ4wwYALviX,2,6,2024-04-26T18:40:52Z,,"mdgzvWwSTBpsjiA2n,ib9pQZugTeRB7mn55,nJqTedZg54FCSSiZq,KEBceBQFf5m4ZM4Sn,9joYHoDXjdsP24cGf,6AhmqtHqr3N9ASz4x,cDuyF7WcCacqqurxQ,CEuQknpPFXMM5NyYq,ySixigRhqqAWPhrLb","nJqTedZg54FCSSiZq,KEBceBQFf5m4ZM4Sn,6AhmqtHqr3N9ASz4x,9joYHoDXjdsP24cGf,CEuQknpPFXMM5NyYq,ySixigRhqqAWPhrLb",Dw3NhgBJ4wwYALviX,wgWHJHn5MwuPRyWnd,tgQTLRg294fCoesEi,fTHQA2MxkSNk8jKkZ,2024-04-26T18:30:13Z
6iuw8p53fAYKk3ZQL,0,3,2024-04-26T18:45:46Z,,"t9CdqLwofzN7BAW2Y,2fmzxkStCQA6S6emr,a6podpFrGJM89Kyny,Z5dyXfndWLrijo2SX,WstRWTg5GG5uLc3pa,BSqAXRHFGhJQFejjz,vDFsToDWoNrQ4JMEw,wRZmBcqF8NgGaKBLK","Z5dyXfndWLrijo2SX,BSqAXRHFGhJQFejjz,t9CdqLwofzN7BAW2Y",6iuw8p53fAYKk3ZQL,fv3Nq3rxRnqMdeopq,qPBPmFwE4kDmEdDJY,fTHQA2MxkSNk8jKkZ,2024-04-26T18:30:21Z
yANnCiDFoHErMTnqu,1,6,2024-04-26T18:44:06Z,,"mdgzvWwSTBpsjiA2n,ib9pQZugTeRB7mn55,cDuyF7WcCacqqurxQ,TPBW6cw8MkboRY9A9,W5wuvi8WsFXfkmRG3,m9xMu4AQPXfzomczR,RGpFqrgucxMLzD4RW,cJoLxjqagrkrM9h9g,HXqYKJnRnAoGDeeFf,bpc7ofSa5NWHcq7r7,qB8cicmYRjSqahBqQ","cDuyF7WcCacqqurxQ,m9xMu4AQPXfzomczR,W5wuvi8WsFXfkmRG3,TPBW6cw8MkboRY9A9,HXqYKJnRnAoGDeeFf,qB8cicmYRjSqahBqQ",yANnCiDFoHErMTnqu,wgWHJHn5MwuPRyWnd,qPBPmFwE4kDmEdDJY,fTHQA2MxkSNk8jKkZ,2024-04-26T18:30:21Z
oKtxZ52e6j5zGgYnA,2,1,,,GuZRoQ34MDcoK94Ht,GuZRoQ34MDcoK94Ht,oKtxZ52e6j5zGgYnA,KD7Wf49ikKYvGSu2b,qPBPmFwE4kDmEdDJY,fTHQA2MxkSNk8jKkZ,2024-04-26T18:30:21Z
vpn7G8tFdpipC3WSA,0,6,2024-04-26T18:46:53Z,,"mdgzvWwSTBpsjiA2n,ib9pQZugTeRB7mn55,RGpFqrgucxMLzD4RW,cJoLxjqagrkrM9h9g,bpc7ofSa5NWHcq7r7,HMa6RGyYHAvwaY89y,GYcoj8ps9xzckeBdX,yR5yTpSoGNmHqHP6n,ZZtHKwZDGCrmd3Ak2,7xWkTrqmFEPHazdex,Q9bvDiejiaEtvQo2r,a6B9uvK4vQE9QZ8mB,LrajYKFueirizpTsE","bpc7ofSa5NWHcq7r7,RGpFqrgucxMLzD4RW,GYcoj8ps9xzckeBdX,7xWkTrqmFEPHazdex,HMa6RGyYHAvwaY89y,Q9bvDiejiaEtvQo2r",vpn7G8tFdpipC3WSA,wgWHJHn5MwuPRyWnd,sT5SNdgvmYWmDjHTz,fTHQA2MxkSNk8jKkZ,2024-04-26T18:30:23Z
Pw2hk2votRsKwDd9k,1,3,2024-04-26T18:46:57Z,,"2fmzxkStCQA6S6emr,a6podpFrGJM89Kyny,WstRWTg5GG5uLc3pa,vDFsToDWoNrQ4JMEw,wRZmBcqF8NgGaKBLK","a6podpFrGJM89Kyny,wRZmBcqF8NgGaKBLK,vDFsToDWoNrQ4JMEw",Pw2hk2votRsKwDd9k,fv3Nq3rxRnqMdeopq,sT5SNdgvmYWmDjHTz,fTHQA2MxkSNk8jKkZ,2024-04-26T18:30:23Z
XbRc5TSpXENfLpysi,2,1,,,TqiDty6zPPoQLonBh,TqiDty6zPPoQLonBh,XbRc5TSpXENfLpysi,KD7Wf49ikKYvGSu2b,sT5SNdgvmYWmDjHTz,fTHQA2MxkSNk8jKkZ,2024-04-26T18:30:23Z
T9wyziT3iMMkzGBdH,0,3,2024-04-26T18:48:21Z,,"2fmzxkStCQA6S6emr,WstRWTg5GG5uLc3pa,FQgzrcmLEYGjAuXZo,4AmzwqHqfkwZT5x5h","WstRWTg5GG5uLc3pa,FQgzrcmLEYGjAuXZo,4AmzwqHqfkwZT5x5h",T9wyziT3iMMkzGBdH,fv3Nq3rxRnqMdeopq,cNsNwqbMpo9ajwebH,fTHQA2MxkSNk8jKkZ,2024-04-26T18:30:24Z
EHuNWHp4bt8Sj4ZAS,1,6,2024-04-26T18:53:18Z,,"mdgzvWwSTBpsjiA2n,ib9pQZugTeRB7mn55,cJoLxjqagrkrM9h9g,yR5yTpSoGNmHqHP6n,ZZtHKwZDGCrmd3Ak2,a6B9uvK4vQE9QZ8mB,LrajYKFueirizpTsE,9YRZgpxaLE6Zw6CLp,5j6QvPYt8fC3yMCDZ,2TkCf3zwLeyf4idfE,CXHWNws68KScTue8d,EHHbGyEAQAYR3E6Az,zTxPLMQYvNZJ55buQ,bj84tnbYG2uANc4ui","LrajYKFueirizpTsE,a6B9uvK4vQE9QZ8mB,ZZtHKwZDGCrmd3Ak2,9YRZgpxaLE6Zw6CLp,EHHbGyEAQAYR3E6Az,bj84tnbYG2uANc4ui",EHuNWHp4bt8Sj4ZAS,wgWHJHn5MwuPRyWnd,cNsNwqbMpo9ajwebH,fTHQA2MxkSNk8jKkZ,2024-04-26T18:30:24Z
Y37sf7upPhr5aeKiZ,2,1,,,w6hLdWrwSfaDAR3q8,w6hLdWrwSfaDAR3q8,Y37sf7upPhr5aeKiZ,KD7Wf49ikKYvGSu2b,cNsNwqbMpo9ajwebH,fTHQA2MxkSNk8jKkZ,2024-04-26T18:30:24Z
csh8iSWdiajKY2QAw,0,1,,,aQY4pxNidAqcTfxur,aQY4pxNidAqcTfxur,csh8iSWdiajKY2QAw,zkoQ4xrhDTEyYW9J8,vuaYHxZEnEvdZ4oNG,fTHQA2MxkSNk8jKkZ,2024-04-26T20:04:26Z
y6r7Pc4eopBfR6Zvt,1,3,2024-04-26T20:07:37Z,,"mTrYogQXjbGjHtkus,BpcNAyndZzzoDxNXb,QAw3uvx66vtFqjccq","BpcNAyndZzzoDxNXb,mTrYogQXjbGjHtkus,QAw3uvx66vtFqjccq",y6r7Pc4eopBfR6Zvt,LBzxZ5bewcvN2cpwD,vuaYHxZEnEvdZ4oNG,fTHQA2MxkSNk8jKkZ,2024-04-26T20:04:26Z
ChpFh4KPEFWiwQ8Hw,2,6,2024-04-26T20:06:48Z,,"Shu42Hthswj4Y3dBc,NjaqZz323KqqJk9Jd,YpCYoaYRQf39FECn6,m4TQghxz3GEseS7qs,zmeehpQqaKcEpwG3w,yEeuKpZuytYqAKrWL,g3vJYuxgPRY8aab8Y,CL3SnsPrwsMaWyaj4","NjaqZz323KqqJk9Jd,YpCYoaYRQf39FECn6,m4TQghxz3GEseS7qs,zmeehpQqaKcEpwG3w,g3vJYuxgPRY8aab8Y,CL3SnsPrwsMaWyaj4",ChpFh4KPEFWiwQ8Hw,HHZXj63Xh9uHmPRES,vuaYHxZEnEvdZ4oNG,fTHQA2MxkSNk8jKkZ,2024-04-26T20:04:26Z
3b5D99YMppKYftSux,0,6,2024-04-26T20:13:09Z,,"Shu42Hthswj4Y3dBc,yEeuKpZuytYqAKrWL,b2utuJ9zssziv5x7s,zJiXceNS3caxRLddH,zJiykdEA2WrPe2Gc2,wh4eQCfJ8bQNBuT94,SzEmunbQ8eRqcuuFz,kWDDDmDr9NAsM4E6N","b2utuJ9zssziv5x7s,yEeuKpZuytYqAKrWL,zJiXceNS3caxRLddH,zJiykdEA2WrPe2Gc2,wh4eQCfJ8bQNBuT94,SzEmunbQ8eRqcuuFz",3b5D99YMppKYftSux,HHZXj63Xh9uHmPRES,QhWNbEovfndeu9Jpw,fTHQA2MxkSNk8jKkZ,2024-04-26T20:04:27Z
zGE9BYSNdM2vg6yPK,1,1,,,"cFfEt6GfGZbQi7ehL,psaBuTaczPZDWZzKb",cFfEt6GfGZbQi7ehL,zGE9BYSNdM2vg6yPK,zkoQ4xrhDTEyYW9J8,QhWNbEovfndeu9Jpw,fTHQA2MxkSNk8jKkZ,2024-04-26T20:04:27Z
hvjicLRP9dWGzoa64,2,3,2024-04-26T20:14:20Z,,"ZLKsfPSDj7sbGhKmd,pFrTqJXJLWdgRmTxA,4GskK3K4ZpayLEZwH","ZLKsfPSDj7sbGhKmd,4GskK3K4ZpayLEZwH,pFrTqJXJLWdgRmTxA",hvjicLRP9dWGzoa64,LBzxZ5bewcvN2cpwD,QhWNbEovfndeu9Jpw,fTHQA2MxkSNk8jKkZ,2024-04-26T20:04:27Z
oafbPZQRiAtLS2trH,0,1,,,psaBuTaczPZDWZzKb,psaBuTaczPZDWZzKb,oafbPZQRiAtLS2trH,zkoQ4xrhDTEyYW9J8,QWnGDvjkzPg5md2bf,fTHQA2MxkSNk8jKkZ,2024-04-26T20:04:29Z
FMaZ9DCT23ctnPh3L,1,6,2024-04-26T20:22:05Z,2024-04-26T20:32:05Z,"Shu42Hthswj4Y3dBc,kWDDDmDr9NAsM4E6N,hCYbQZ26bg94rQfRG,2EPgtZqJD3ZtBBZik,RKSMQeaamwSiqMv8Z,c9muxBDzQkw3wY9oy,vJc4utN4cM9CDpGDu,mW2nWXbTHT4gdQZ3A","kWDDDmDr9NAsM4E6N,2EPgtZqJD3ZtBBZik,c9muxBDzQkw3wY9oy,RKSMQeaamwSiqMv8Z",,HHZXj63Xh9uHmPRES,QWnGDvjkzPg5md2bf,fTHQA2MxkSNk8jKkZ,2024-04-26T20:04:29Z
bJnDEEyfuJ7o6r58v,2,3,2024-04-26T20:21:48Z,,"JZjcLKQ79L9F8sEq2,kRxM3vh3QZtdrSNRc,2ioTQHScYK8gJrehk,67MN9gysHhePpKRah","JZjcLKQ79L9F8sEq2,kRxM3vh3QZtdrSNRc,67MN9gysHhePpKRah",bJnDEEyfuJ7o6r58v,LBzxZ5bewcvN2cpwD,QWnGDvjkzPg5md2bf,fTHQA2MxkSNk8jKkZ,2024-04-26T20:04:29Z
fiQfaCL3wmyRpCDE6,0,1,,,xmYTE7yqRFb6TEyJB,xmYTE7yqRFb6TEyJB,fiQfaCL3wmyRpCDE6,zkoQ4xrhDTEyYW9J8,kKGjZjnrBqCyjttSe,fTHQA2MxkSNk8jKkZ,2024-04-26T20:04:30Z
kFudXuEKQ5bosJayC,1,6,2024-04-26T20:45:31Z,2024-04-26T20:55:31Z,"t3Dm7Riw79ztDGXiS,rSsZXs83S9tYi3oBF,vaWYBDT4YZm97miGg,j4JkHuSfytDrLuTwn,cBq9xSizFa8ZzRzYS,EE7pXGzt9beoj8hTa","vaWYBDT4YZm97miGg,rSsZXs83S9tYi3oBF,cBq9xSizFa8ZzRzYS",,HHZXj63Xh9uHmPRES,kKGjZjnrBqCyjttSe,fTHQA2MxkSNk8jKkZ,2024-04-26T20:04:30Z
bbiYMQYQaKQyGZcN5,2,3,2024-04-26T20:29:55Z,2024-04-26T20:39:56Z,"2ioTQHScYK8gJrehk,N6npDNBvZPvLLfyGo","2ioTQHScYK8gJrehk,N6npDNBvZPvLLfyGo",,LBzxZ5bewcvN2cpwD,kKGjZjnrBqCyjttSe,fTHQA2MxkSNk8jKkZ,2024-04-26T20:04:30Z
n7DdczRhT7u3KFFWp,0,3,2024-04-29T13:33:25Z,,"3Zo858Fnd4DuJNwQT,MN4jPXet7D6QwN8fE,SkX8ophnSAL8PaFaS","3Zo858Fnd4DuJNwQT,MN4jPXet7D6QwN8fE,SkX8ophnSAL8PaFaS",n7DdczRhT7u3KFFWp,pB6N9LuAiAJAB4dKm,pPgKWbTyLk4xTrhWL,fTHQA2MxkSNk8jKkZ,2024-04-29T13:26:58Z
8z5t3y9x4Sv7yyyeb,1,6,2024-04-29T13:31:31Z,2024-04-29T13:41:31Z,"925DKdXZgEujPTzsP,wunP8yGTsqCK7thgj,TproMqHmqvqsSqJh7,8tJwBKqph3gW484ww,NGM38Nz6ymA7gqW2R,sL8bdvqxDnpebTPeG,ibWSXctoK3hsr9Lbo,crJY2YPdRQCd6u9hp,mAjdcMJHerC4q4754","TproMqHmqvqsSqJh7,925DKdXZgEujPTzsP,8tJwBKqph3gW484ww,NGM38Nz6ymA7gqW2R,ibWSXctoK3hsr9Lbo",,bTwT8vTEXL8dyLLdf,pPgKWbTyLk4xTrhWL,fTHQA2MxkSNk8jKkZ,2024-04-29T13:26:58Z
J6wrY4z9PXX3zETqL,2,1,,,Ng4LWYsWYTnXfuWqN,Ng4LWYsWYTnXfuWqN,J6wrY4z9PXX3zETqL,FALzYuDWpbg5NeiYx,pPgKWbTyLk4xTrhWL,fTHQA2MxkSNk8jKkZ,2024-04-29T13:26:58Z
Du8H49r5hpSNBCbwc,0,1,,,RC7oewahtuACXgNef,RC7oewahtuACXgNef,Du8H49r5hpSNBCbwc,FALzYuDWpbg5NeiYx,5eFaTTbrsQakNPrQR,fTHQA2MxkSNk8jKkZ,2024-04-29T13:27:00Z
RjSySPoiCfrohM9oM,1,6,2024-04-29T13:45:29Z,,"YPbaHiYwuvQrvgjSi,WH2KXDxjWNvczd6Bq,C8s4znZ3S6PWZEm33,rxtS54Z9YiJJrus45,NF3c3qTHyJ8WT3ttp,tWScRNhTGkhXSC2pX","YPbaHiYwuvQrvgjSi,WH2KXDxjWNvczd6Bq,rxtS54Z9YiJJrus45,NF3c3qTHyJ8WT3ttp,C8s4znZ3S6PWZEm33,tWScRNhTGkhXSC2pX",RjSySPoiCfrohM9oM,bTwT8vTEXL8dyLLdf,5eFaTTbrsQakNPrQR,fTHQA2MxkSNk8jKkZ,2024-04-29T13:27:00Z
dCr4NkDknZ5Sek3r7,2,3,2024-04-29T13:43:22Z,,"d5rwhXFzEHth7jXqT,n5bfGxdDGZrZHd2pu,XqmTsJMX6nSFNnEpe,jmFWjoFYqn8S2oJh7,uFwCSHP96mNXXuY9J","d5rwhXFzEHth7jXqT,XqmTsJMX6nSFNnEpe,uFwCSHP96mNXXuY9J",dCr4NkDknZ5Sek3r7,pB6N9LuAiAJAB4dKm,5eFaTTbrsQakNPrQR,fTHQA2MxkSNk8jKkZ,2024-04-29T13:27:00Z
3i3soDCbRzEHu3QsH,0,3,2024-04-29T13:54:09Z,2024-04-29T14:04:10Z,"n5bfGxdDGZrZHd2pu,jmFWjoFYqn8S2oJh7,TdfQMDmrSSLJNQsui","TdfQMDmrSSLJNQsui,jmFWjoFYqn8S2oJh7",,pB6N9LuAiAJAB4dKm,TexRw788Z9t6QmQv4,fTHQA2MxkSNk8jKkZ,2024-04-29T13:27:01Z
Daupp8aLzAizmF3xQ,1,1,,,uckPhw6Y8zvvsJHB2,uckPhw6Y8zvvsJHB2,Daupp8aLzAizmF3xQ,FALzYuDWpbg5NeiYx,TexRw788Z9t6QmQv4,fTHQA2MxkSNk8jKkZ,2024-04-29T13:27:01Z
kGTPKxD5KMyHvk8nr,2,6,2024-04-29T13:53:34Z,2024-04-29T14:03:34Z,"XzJx5dX2QvctMGqa7,GxZhBp2Mc9Tq3iR3T,TzWhLjzW72tDZkNDJ,x3Agf5Zj7xbNCSmsA,vWGjrrex25FqRYKyW","XzJx5dX2QvctMGqa7,GxZhBp2Mc9Tq3iR3T,TzWhLjzW72tDZkNDJ,x3Agf5Zj7xbNCSmsA",,bTwT8vTEXL8dyLLdf,TexRw788Z9t6QmQv4,fTHQA2MxkSNk8jKkZ,2024-04-29T13:27:01Z
kQhKiDM4924dKTAjq,0,1,,,FKdyrAfuuoLqX9iia,FKdyrAfuuoLqX9iia,kQhKiDM4924dKTAjq,HmHFGRK3wX6LENS8j,bxBtGvQAqs3C428WE,fTHQA2MxkSNk8jKkZ,2024-04-29T14:59:21Z
GBqquZde8nsYpckGk,1,6,2024-04-29T15:14:19Z,,"6ENjj22smJSL5ZguR,FKneHft2AkTEwwQeM,fjpcTf6PX8o4Gs7DR,ixS2mykCiYZT4Er9Z,MT8mBSPuyY9kzXoch,LP83nSdHQXCx4LkEC,afQDLqrw2NbRkWHSX,7HdaJQWiiqG7bwmWj","6ENjj22smJSL5ZguR,MT8mBSPuyY9kzXoch,FKneHft2AkTEwwQeM,ixS2mykCiYZT4Er9Z,fjpcTf6PX8o4Gs7DR,7HdaJQWiiqG7bwmWj",GBqquZde8nsYpckGk,NPJ92ojHqBwWuQWS7,bxBtGvQAqs3C428WE,fTHQA2MxkSNk8jKkZ,2024-04-29T14:59:21Z
4iycdqAnLi5mtDpeL,2,3,2024-04-29T15:14:40Z,,"DBxTsMuxBWWWKWuEz,6JooHfaryi545BKuF,TB3Mjvv2ukntSGCKd,2fDfKpbwyBNYnmFzL,CZAjeHHjxaCreT5hT,9Km9WM8o9kaw3c9Qz,9gxwKTYNjbQ7wotHg","DBxTsMuxBWWWKWuEz,6JooHfaryi545BKuF,9Km9WM8o9kaw3c9Qz",4iycdqAnLi5mtDpeL,ecgFguPzbTHokcjBn,bxBtGvQAqs3C428WE,fTHQA2MxkSNk8jKkZ,2024-04-29T14:59:21Z
KePvxMxHnSnuaZ7Se,0,1,,,MHWffTNxDKuoHAvjt,MHWffTNxDKuoHAvjt,KePvxMxHnSnuaZ7Se,HmHFGRK3wX6LENS8j,8EFTmu2CEdx9hFgcc,fTHQA2MxkSNk8jKkZ,2024-04-29T14:59:23Z
nkZRoD85kNoQAsG5f,1,6,2024-04-29T15:17:39Z,2024-04-29T15:27:40Z,"LP83nSdHQXCx4LkEC,afQDLqrw2NbRkWHSX,PEiASyHNA2oRdvjNF,gjcCvj37wvtphrtGo,zjktrgmZGmoXFZHqd","LP83nSdHQXCx4LkEC,afQDLqrw2NbRkWHSX,PEiASyHNA2oRdvjNF,gjcCvj37wvtphrtGo",,NPJ92ojHqBwWuQWS7,8EFTmu2CEdx9hFgcc,fTHQA2MxkSNk8jKkZ,2024-04-29T14:59:23Z
xCYkhtmHMFK4rdmzZ,2,3,2024-04-29T15:21:02Z,,"TB3Mjvv2ukntSGCKd,2fDfKpbwyBNYnmFzL,CZAjeHHjxaCreT5hT,9gxwKTYNjbQ7wotHg","TB3Mjvv2ukntSGCKd,2fDfKpbwyBNYnmFzL,9gxwKTYNjbQ7wotHg",xCYkhtmHMFK4rdmzZ,ecgFguPzbTHokcjBn,8EFTmu2CEdx9hFgcc,fTHQA2MxkSNk8jKkZ,2024-04-29T14:59:23Z
gC8zaDtvM77f42fE8,0,1,,,ZBQmHtKfYCiEK9NSC,ZBQmHtKfYCiEK9NSC,gC8zaDtvM77f42fE8,HmHFGRK3wX6LENS8j,9qo8yTNeuKpyhqfvN,fTHQA2MxkSNk8jKkZ,2024-04-29T14:59:24Z
CZLS3DHTMWjTAqNpS,1,6,2024-04-29T16:04:39Z,2024-04-29T16:14:39Z,"Sabo2WsNm7RQtZ3by,ToRriNfcZb9E4Wogr,XE2N34reraFiR2gtp,2GNoMpn4565WF92FL,M8rYKcB95LLsTiuHw,GFYnxCyboqPdD7aBz","ToRriNfcZb9E4Wogr,XE2N34reraFiR2gtp,M8rYKcB95LLsTiuHw",,NPJ92ojHqBwWuQWS7,9qo8yTNeuKpyhqfvN,fTHQA2MxkSNk8jKkZ,2024-04-29T14:59:24Z
H6MErQ6rWM2TZesK9,2,3,2024-04-29T15:45:43Z,2024-04-29T15:55:44Z,"CZAjeHHjxaCreT5hT,7zY7QnxMF6tDrf97S,FFa7mGA5F2h7qqCSc",FFa7mGA5F2h7qqCSc,,ecgFguPzbTHokcjBn,9qo8yTNeuKpyhqfvN,fTHQA2MxkSNk8jKkZ,2024-04-29T14:59:24Z
KsGRSXQ8jhTtxGLam,0,1,,,,,,HmHFGRK3wX6LENS8j,hk_d9421f67bb30066e,fTHQA2MxkSNk8jKkZ,2024-04-29T14:59:25Z
nu5rKaKob2waciFzJ,1,6,,,"YeLPSKbiujLr9TQEB,LJ3LFAnwYKH9Wggwr",,,NPJ92ojHqBwWuQWS7,hk_d9421f67bb30066e,fTHQA2MxkSNk8jKkZ,2024-04-29T14:59:25Z
RpoZmkMbJ8hTuFau7,2,3,2024-04-29T16:19:01Z,2024-04-29T16:29:01Z,9q96ZNvz8AsELwJ7e,9q96ZNvz8AsELwJ7e,,ecgFguPzbTHokcjBn,hk_d9421f67bb30066e,fTHQA2MxkSNk8jKkZ,2024-04-29T14:59:25Z
KJNYSaEQWCifXnucx,0,6,2024-04-29T16:36:15Z,2024-04-29T16:46:16Z,"i8NcNxi3QoCavBwKH,EXxXvEHzctetSjyWj,N6gsrmoiJbfs3sEc6,sHmhe7aHJ5hH3Wqe7,GWe9hqGNTtXyjW6M8,X8tG3yXWFX7rxwocF,kKFqWFngArCrYkgZ8,4SZnskzXbBKZkCjug,oudz75ZizgB85bqYc,JpaMfZ5kEXkwDqZgS,iQc5gibrfKdBBmFAy","EXxXvEHzctetSjyWj,sHmhe7aHJ5hH3Wqe7,X8tG3yXWFX7rxwocF,4SZnskzXbBKZkCjug",,NPJ92ojHqBwWuQWS7,duWWj4BSqZKa3bJar,fTHQA2MxkSNk8jKkZ,2024-04-29T16:34:58Z
n5wPjQhNiANWS655y,1,6,2024-04-29T16:37:25Z,,"CDGFSFFYbDYD9fTn6,LoXwrT2rErwo3uGku,tZmAMXsoWJx7DHT6F,xbQYdMbRvDTu6JBQt,7PrHme96LAC9b4Tdg,hkPdRv23MEinH6RHS,RLWucpsxfmGfMeer4,Z95dXJfusZBjp2tyo","CDGFSFFYbDYD9fTn6,tZmAMXsoWJx7DHT6F,LoXwrT2rErwo3uGku,RLWucpsxfmGfMeer4,hkPdRv23MEinH6RHS,Z95dXJfusZBjp2tyo",n5wPjQhNiANWS655y,HHZXj63Xh9uHmPRES,duWWj4BSqZKa3bJar,fTHQA2MxkSNk8jKkZ,2024-04-29T16:34:58Z
vcjqQEn4jFWaoDi3X,2,6,2024-04-29T16:37:41Z,,"mkTNoHKhLN3HR6rqC,MDebbJNaREzz7as39,52AtFRZuTjMZYX3Co,mCYvye4T5BnWo5aMt,S42zesiowRRSMirAC,LPBwKpi5Ry7h4vSTY,5HF7rt4KSmvzHha33,8jnfPEgsb7gTukSAM,Seer4GBph4LTBt3kh,QH4Ht7RywdvYwrdcC,cGie3PAJsXiTwxhtt,GAfyhRa3sbPf3mkrv","MDebbJNaREzz7as39,mCYvye4T5BnWo5aMt,LPBwKpi5Ry7h4vSTY,5HF7rt4KSmvzHha33,S42zesiowRRSMirAC,QH4Ht7RywdvYwrdcC",vcjqQEn4jFWaoDi3X,bTwT8vTEXL8dyLLdf,duWWj4BSqZKa3bJar,fTHQA2MxkSNk8jKkZ,2024-04-29T16:34:58Z
5aKDQrt7yGPzbgAvx,0,6,2024-04-29T16:49:23Z,,"xbQYdMbRvDTu6JBQt,7PrHme96LAC9b4Tdg,wqj72agtfyX4HYxt3,qPWnho4TPJe9SJSY2,PecvCvTAviFBK3k5j,ndKSRfmSWs8557Nuw,q9cjDZi2XnvHBvo3s,rFE3fcZaGy38owDRo,8aho3rh6eP26vLTXg","PecvCvTAviFBK3k5j,ndKSRfmSWs8557Nuw,wqj72agtfyX4HYxt3,q9cjDZi2XnvHBvo3s,qPWnho4TPJe9SJSY2,rFE3fcZaGy38owDRo",5aKDQrt7yGPzbgAvx,HHZXj63Xh9uHmPRES,RscesEDzpZLiL9MW2,fTHQA2MxkSNk8jKkZ,2024-04-29T16:35:02Z
8xSTPfveFT3Ap7RMy,1,6,2024-04-29T16:47:25Z,2024-04-29T16:57:25Z,"mkTNoHKhLN3HR6rqC,52AtFRZuTjMZYX3Co,8jnfPEgsb7gTukSAM,Seer4GBph4LTBt3kh,cGie3PAJsXiTwxhtt,GAfyhRa3sbPf3mkrv,8yEwYhFQLRmBPZqzK,mQfh2geigjLGyvpSf,NbPKy7gT4Yr8qLdTY,z22vbeYacuCv3FFQ9","Seer4GBph4LTBt3kh,GAfyhRa3sbPf3mkrv,8yEwYhFQLRmBPZqzK,mQfh2geigjLGyvpSf,NbPKy7gT4Yr8qLdTY",,bTwT8vTEXL8dyLLdf,RscesEDzpZLiL9MW2,fTHQA2MxkSNk8jKkZ,2024-04-29T16:35:02Z
Q8L5bAhCDdFuco5rP,2,6,2024-04-29T16:48:38Z,,"dybJQrEkd55N4EKTP,iZSQrCYRLuXv9xgbi,7vgs4dN2gvGtjpDyM,gckBAaKR7oNrcvPdp,qode5j9yy5mADxLAY,hk_75095ce5a18c6e9f,JTcsZhLH4FmpxWqgb","dybJQrEkd55N4EKTP,iZSQrCYRLuXv9xgbi,gckBAaKR7oNrcvPdp,hk_75095ce5a18c6e9f,7vgs4dN2gvGtjpDyM,JTcsZhLH4FmpxWqgb",Q8L5bAhCDdFuco5rP,NPJ92ojHqBwWuQWS7,RscesEDzpZLiL9MW2,fTHQA2MxkSNk8jKkZ,2024-04-29T16:35:02Z
5GZGeahwEyLMfX9tn,0,6,2024-04-29T17:02:05Z,2024-04-29T17:12:06Z,"dRr32cjSk8Loz2KPP,yvEy3bFesyA6rAM6n,xQnAtJdvZdxCyuck7,hk_01310b416a4772fa,E9QTy9MGKtbfkitQo,ojiWGPEgFZeNatZTc,bxBiempSMbiSuLNbH","xQnAtJdvZdxCyuck7,dRr32cjSk8Loz2KPP,hk_01310b416a4772fa,ojiWGPEgFZeNatZTc",,bTwT8vTEXL8dyLLdf,urgYRdQfn7Xp9eHyt,fTHQA2MxkSNk8jKkZ,2024-04-29T16:35:03Z
86pcCNZooNByXbT3H,1,6,2024-04-29T16:59:38Z,2024-04-29T17:09:38Z,"qode5j9yy5mADxLAY,2utHnqrbXtJbJYfHR,rw3TDBKZrAf8eSeKF","2utHnqrbXtJbJYfHR,rw3TDBKZrAf8eSeKF",,NPJ92ojHqBwWuQWS7,urgYRdQfn7Xp9eHyt,fTHQA2MxkSNk8jKkZ,2024-04-29T16:35:03Z
wTvpF9jJLkCe4bvWo,2,6,2024-04-29T17:00:03Z,2024-04-29T17:10:04Z,"xbQYdMbRvDTu6JBQt,7PrHme96LAC9b4Tdg,piYy6PvkKB9bxfbTh,fZMKvZZsidxJzkndC,uaaJSq9iXbf4n7tDo","piYy6PvkKB9bxfbTh,fZMKvZZsidxJzkndC",,HHZXj63Xh9uHmPRES,urgYRdQfn7Xp9eHyt,fTHQA2MxkSNk8jKkZ,2024-04-29T16:35:03Z
tff8j5r7N6Xy5G2Kw,0,6,,,"W5MgzNWaSjF8rqr63,J3AKY2AbugDRHF6r9",,,bTwT8vTEXL8dyLLdf,NyEGWWfTck6bhN2wf,fTHQA2MxkSNk8jKkZ,2024-04-29T16:35:04Z
yvE5aFC5ThYaZ8bpn,1,6,,,,,,HHZXj63Xh9uHmPRES,NyEGWWfTck6bhN2wf,fTHQA2MxkSNk8jKkZ,2024-04-29T16:35:04Z
hA9EKTouy2mFsMyam,2,6,,,,,,NPJ92ojHqBwWuQWS7,NyEGWWfTck6bhN2wf,fTHQA2MxkSNk8jKkZ,2024-04-29T16:35:04Z
LmT3QzvyFSf3nGDSy,0,1,,,"Zm4SFiZi5X5uqtd47,YHsMStWX3iR2Nqyah",Zm4SFiZi5X5uqtd47,LmT3QzvyFSf3nGDSy,KD7Wf49ikKYvGSu2b,WpzeEKgZ8Xm72njwG,fTHQA2MxkSNk8jKkZ,2024-04-29T18:02:13Z
jzWcZFAEfCFdDBTmT,1,3,2024-04-29T18:06:45Z,,"iAhSAgpoTbbhK5FbF,mKevJyxBhfDmq6hCB,7AaCBsmKDLdt2rcPc,hk_e2a676b95e61a8c7","iAhSAgpoTbbhK5FbF,7AaCBsmKDLdt2rcPc,mKevJyxBhfDmq6hCB",jzWcZFAEfCFdDBTmT,fv3Nq3rxRnqMdeopq,WpzeEKgZ8Xm72njwG,fTHQA2MxkSNk8jKkZ,2024-04-29T18:02:13Z
mP453yTJSus5episS,2,6,2024-04-29T18:04:49Z,,"7GakuLNAwrLEs4LL5,v4oB4JoesQo76u2jH,h5yNmk6ct3QgmdhiH,cDPrCbmj3J5bSKtMo,hk_312db321a6b977af,qkcDxvRuEiXaWJk8C,ZAoxzFK47dSs23CWY,DfWwTbv6sBua59CRj,TnYn6q2esc3jtMX8F,zGJwkF4xQFqLsfbSz","7GakuLNAwrLEs4LL5,v4oB4JoesQo76u2jH,qkcDxvRuEiXaWJk8C,DfWwTbv6sBua59CRj,TnYn6q2esc3jtMX8F,hk_312db321a6b977af",mP453yTJSus5episS,wgWHJHn5MwuPRyWnd,WpzeEKgZ8Xm72njwG,fTHQA2MxkSNk8jKkZ,2024-04-29T18:02:13Z
pNc3W4KzwL4ngtMGv,0,3,2024-04-29T18:10:50Z,,"hk_e2a676b95e61a8c7,ByveBciC2neadvuL8,gCdrniv7PssH5L67u","hk_e2a676b95e61a8c7,ByveBciC2neadvuL8,gCdrniv7PssH5L67u",pNc3W4KzwL4ngtMGv,fv3Nq3rxRnqMdeopq,ui3Dqvc9bpQdQygmb,fTHQA2MxkSNk8jKkZ,2024-04-29T18:02:25Z
ZXqFZwhxBmiK2uvyM,1,6,2024-04-29T18:12:53Z,,"h5yNmk6ct3QgmdhiH,cDPrCbmj3J5bSKtMo,ZAoxzFK47dSs23CWY,zGJwkF4xQFqLsfbSz,LtigJxTjkGoikQPNa,6Ftbm4S8RJax5y9bL,socHqdZ7cfBNCggx2,26LDJQF7kx53wwjRE,6N2G8ceC3kxRszgN5,GgTZWWcPdY2GbxkyD,W8DnbGkF3onW6KNde,mB3m3R4qew4AzYGhf","ZAoxzFK47dSs23CWY,zGJwkF4xQFqLsfbSz,socHqdZ7cfBNCggx2,LtigJxTjkGoikQPNa,6N2G8ceC3kxRszgN5,6Ftbm4S8RJax5y9bL",ZXqFZwhxBmiK2uvyM,wgWHJHn5MwuPRyWnd,ui3Dqvc9bpQdQygmb,fTHQA2MxkSNk8jKkZ,2024-04-29T18:02:25Z
c3tk9L3FCHXXWSrmR,2,1,,,YHsMStWX3iR2Nqyah,YHsMStWX3iR2Nqyah,c3tk9L3FCHXXWSrmR,KD7Wf49ikKYvGSu2b,ui3Dqvc9bpQdQygmb,fTHQA2MxkSNk8jKkZ,2024-04-29T18:02:25Z
c4qJJyn9JReRMceYP,0,6,,,,,,wgWHJHn5MwuPRyWnd,khdf2F3bN7j4ceLzo,fTHQA2MxkSNk8jKkZ,2024-04-29T20:01:33Z
SsbGMAqiju9eEeDSS,1,1,,,,,,KD7Wf49ikKYvGSu2b,khdf2F3bN7j4ceLzo,fTHQA2MxkSNk8jKkZ,2024-04-29T20:01:33Z
ZPLisFgmJ4PfFPjpP,2,3,,,,,,fv3Nq3rxRnqMdeopq,khdf2F3bN7j4ceLzo,fTHQA2MxkSNk8jKkZ,2024-04-29T20:01:33Z
SSXKAYFpbmJuF8zEe,0,1,,,,,,KD7Wf49ikKYvGSu2b,nkRi5urkamPnhemGe,fTHQA2MxkSNk8jKkZ,2024-04-29T20:01:34Z
5bFQpLifiEohtZ9iY,1,6,,,,,,wgWHJHn5MwuPRyWnd,nkRi5urkamPnhemGe,fTHQA2MxkSNk8jKkZ,2024-04-29T20:01:34Z
2pLK2PPZZZGtQZTRh,2,3,,,,,,fv3Nq3rxRnqMdeopq,nkRi5urkamPnhemGe,fTHQA2MxkSNk8jKkZ,2024-04-29T20:01:34Z
4afRgGBJTwAbciqi2,0,6,2024-04-29T20:05:01Z,,"6geMWkMy9LXLYWJgE,93PTyh9HLwgSEK2GQ,4BWHwcDPcEhYuBmLu,GxrWe2qZidkbhJ8KE,oTxuDEywXDwkv86cK,PXHrWGWnxFXQArfAX,Lba7d2seDjXCoM4CY,Qzm78oetz6F46Muhq,mtZ9HmNHNiNzmDzWN,vgKDhqdsnEn6aJP9v,paiSdoLRDzmxrWaMt","93PTyh9HLwgSEK2GQ,6geMWkMy9LXLYWJgE,oTxuDEywXDwkv86cK,PXHrWGWnxFXQArfAX,paiSdoLRDzmxrWaMt,GxrWe2qZidkbhJ8KE",4afRgGBJTwAbciqi2,NPJ92ojHqBwWuQWS7,7EMCgqamntuX5SLrv,fTHQA2MxkSNk8jKkZ,2024-04-29T20:02:10Z
xxjhWrEn7cTgZMNt6,1,1,,,XSMy6SDCnLkLH88ZD,XSMy6SDCnLkLH88ZD,xxjhWrEn7cTgZMNt6,HmHFGRK3wX6LENS8j,7EMCgqamntuX5SLrv,fTHQA2MxkSNk8jKkZ,2024-04-29T20:02:10Z
zPAdX6BNhTnyjx5iT,2,3,2024-04-29T20:06:52Z,,"yNA2fHEgoAj3F2hZi,5whLfMatxmK6qP5JA,SeLvDTHzEmZmkxGdx,yzWqriX3Yd7J2AFNX","yNA2fHEgoAj3F2hZi,5whLfMatxmK6qP5JA,yzWqriX3Yd7J2AFNX",zPAdX6BNhTnyjx5iT,ecgFguPzbTHokcjBn,7EMCgqamntuX5SLrv,fTHQA2MxkSNk8jKkZ,2024-04-29T20:02:11Z
bSwcDahaC8rqfrxna,0,3,2024-04-29T20:12:26Z,,"SeLvDTHzEmZmkxGdx,sm9vuYmRrW8x2PJWY,gWyKcFtM4uRbnu2GC,jGzauiW3ikrKeS5f6","sm9vuYmRrW8x2PJWY,gWyKcFtM4uRbnu2GC,jGzauiW3ikrKeS5f6",bSwcDahaC8rqfrxna,ecgFguPzbTHokcjBn,xbsSRnzaRjeQ73Tco,fTHQA2MxkSNk8jKkZ,2024-04-29T20:02:12Z
8DQiAd5YMkAngGRzn,1,1,,,"amCHAv9WS9gR9kxDt,j2WLgzHobbQ7FPDAX",amCHAv9WS9gR9kxDt,8DQiAd5YMkAngGRzn,HmHFGRK3wX6LENS8j,xbsSRnzaRjeQ73Tco,fTHQA2MxkSNk8jKkZ,2024-04-29T20:02:12Z
iDuKREhtbs64nWWpw,2,6,2024-04-29T20:10:50Z,,"4BWHwcDPcEhYuBmLu,Lba7d2seDjXCoM4CY,Qzm78oetz6F46Muhq,mtZ9HmNHNiNzmDzWN,vgKDhqdsnEn6aJP9v,3MKq9KrYB7r8JMqo8,zQDQ7j5W3h4bmwD8N,c9gGjzye3dGFy5kbz,t96NQnpKFfdFAWKJ6,okbS8GmY2eQv67W5e,hwbTwTNgYAoEgu7x8,yXseWb7ND9ReGnauc,PWNE6sCn52byoFb47,WTiZnafBZhziCXYsr","Qzm78oetz6F46Muhq,vgKDhqdsnEn6aJP9v,okbS8GmY2eQv67W5e,t96NQnpKFfdFAWKJ6,zQDQ7j5W3h4bmwD8N,c9gGjzye3dGFy5kbz",iDuKREhtbs64nWWpw,NPJ92ojHqBwWuQWS7,xbsSRnzaRjeQ73Tco,fTHQA2MxkSNk8jKkZ,2024-04-29T20:02:12Z
